Tela;Controle;Situação do controle;Propriedade;Categoria;Fórmula anterior (invariante);Fórmula nova (invariante)
scrAvaliacao;conIdAva;existente;Height;GEOMETRIA;70;98 + Max(conDocAva.Height, conMetAva.Height) + 10
scrAvaliacao;lblCtxTitAva;criado;HtmlText;TEXTO/CONTEÚDO;"""<div style=""""position:relative;box-sizing:border-box;width:100%;height:"" & Text(Max(Self.Height - 2, 0), ""0"", ""en-US"") & ""px;display:flex;align-items:center;min-width:0;min-height:0;line-height:1.15;overflow:hidden;font-family:Segoe UI,Arial,sans-serif;font-size:9.0pt;color:rgba(98,112,131,1);font-weight:700;""""><span style=""""display:block;box-sizing:border-box;min-width:0;width:100%;text-align:left;white-space:nowrap;overflow:hidden;text-overflow:ellipsis;"""">"" & Substitute(Substitute(Substitute(Substitute(Coalesce(Text(""PESSOA""), """"), ""&"", ""&amp;""), ""<"", ""&lt;""), "">"", ""&gt;""), Char(10), ""<br/>"") & ""</span></div>""";"""<div style='box-sizing:border-box;width:100%;height:"" & Text(Max(Self.Height - 2, 0), ""0"", ""en-US"") & ""px;overflow:hidden;font-family:Segoe UI,Arial,sans-serif;display:flex;align-items:center;'>"" & ""<div style='font-size:12.5pt;line-height:1.2;color:#0E2A4A;font-weight:700;white-space:nowrap;overflow:hidden;text-overflow:ellipsis;'>"" & Substitute(Substitute(Substitute(Coalesce(Text(""Contexto da avaliação""), """"), ""&"", ""&amp;""), ""<"", ""&lt;""), "">"", ""&gt;"") & ""</div>"" & ""</div>"""
scrAvaliacao;lblCtxTitAva;criado;Color;VISUAL;RGBA(98, 112, 131, 1);RGBA(14, 42, 74, 1)
scrAvaliacao;lblCtxTitAva;criado;Size;VISUAL;9.0;12.5
scrAvaliacao;lblCtxTitAva;criado;X;GEOMETRIA;16;18
scrAvaliacao;lblCtxTitAva;criado;Y;GEOMETRIA;10;8
scrAvaliacao;lblCtxTitAva;criado;Width;GEOMETRIA;(Parent.Width - 182) * 0.22 - 14;Parent.Width - 36
scrAvaliacao;lblCtxTitAva;criado;Height;GEOMETRIA;16;22
scrAvaliacao;recCtxLinhaAva;criado;X;GEOMETRIA;0;18
scrAvaliacao;recCtxLinhaAva;criado;Y;GEOMETRIA;42;90
scrAvaliacao;recCtxLinhaAva;criado;Width;GEOMETRIA;Parent.Width;Parent.Width - 36
scrAvaliacao;lblIdR0Ava;existente;X;GEOMETRIA;16;18
scrAvaliacao;lblIdR0Ava;existente;Width;GEOMETRIA;(Parent.Width - 182) * 0.22 - 14;(Parent.Width - 190) * 0.24 - 16
scrAvaliacao;lblIdR0Ava;existente;Y;GEOMETRIA;10;34
scrAvaliacao;lblIdV0Ava;existente;X;GEOMETRIA;16;18
scrAvaliacao;lblIdV0Ava;existente;Width;GEOMETRIA;(Parent.Width - 182) * 0.22 - 14;(Parent.Width - 190) * 0.24 - 16
scrAvaliacao;lblIdV0Ava;existente;Y;GEOMETRIA;28;50
scrAvaliacao;lblIdS0Ava;existente;X;GEOMETRIA;16;18
scrAvaliacao;lblIdS0Ava;existente;Width;GEOMETRIA;(Parent.Width - 182) * 0.22 - 14;(Parent.Width - 190) * 0.24 - 16
scrAvaliacao;lblIdS0Ava;existente;Y;GEOMETRIA;48;70
scrAvaliacao;lblIdR1Ava;existente;X;GEOMETRIA;16 + (Parent.Width - 182) * 0.22;18 + (Parent.Width - 190) * 0.24
scrAvaliacao;lblIdR1Ava;existente;Width;GEOMETRIA;(Parent.Width - 182) * 0.07 - 14;(Parent.Width - 190) * 0.06 - 16
scrAvaliacao;lblIdR1Ava;existente;Y;GEOMETRIA;10;34
scrAvaliacao;lblIdV1Ava;existente;X;GEOMETRIA;16 + (Parent.Width - 182) * 0.22;18 + (Parent.Width - 190) * 0.24
scrAvaliacao;lblIdV1Ava;existente;Width;GEOMETRIA;(Parent.Width - 182) * 0.07 - 14;(Parent.Width - 190) * 0.06 - 16
scrAvaliacao;lblIdV1Ava;existente;Y;GEOMETRIA;28;50
scrAvaliacao;lblIdS1Ava;existente;X;GEOMETRIA;16 + (Parent.Width - 182) * 0.22;18 + (Parent.Width - 190) * 0.24
scrAvaliacao;lblIdS1Ava;existente;Width;GEOMETRIA;(Parent.Width - 182) * 0.07 - 14;(Parent.Width - 190) * 0.06 - 16
scrAvaliacao;lblIdS1Ava;existente;Y;GEOMETRIA;48;70
scrAvaliacao;lblIdR2Ava;existente;X;GEOMETRIA;16 + (Parent.Width - 182) * 0.29;18 + (Parent.Width - 190) * 0.30
scrAvaliacao;lblIdR2Ava;existente;Width;GEOMETRIA;(Parent.Width - 182) * 0.24 - 14;(Parent.Width - 190) * 0.25 - 16
scrAvaliacao;lblIdR2Ava;existente;Y;GEOMETRIA;10;34
scrAvaliacao;lblIdV2Ava;existente;X;GEOMETRIA;16 + (Parent.Width - 182) * 0.29;18 + (Parent.Width - 190) * 0.30
scrAvaliacao;lblIdV2Ava;existente;Width;GEOMETRIA;(Parent.Width - 182) * 0.24 - 14;(Parent.Width - 190) * 0.25 - 16
scrAvaliacao;lblIdV2Ava;existente;Y;GEOMETRIA;28;50
scrAvaliacao;lblIdS2Ava;existente;X;GEOMETRIA;16 + (Parent.Width - 182) * 0.29;18 + (Parent.Width - 190) * 0.30
scrAvaliacao;lblIdS2Ava;existente;Width;GEOMETRIA;(Parent.Width - 182) * 0.24 - 14;(Parent.Width - 190) * 0.25 - 16
scrAvaliacao;lblIdS2Ava;existente;Y;GEOMETRIA;48;70
scrAvaliacao;lblIdR3Ava;existente;X;GEOMETRIA;16 + (Parent.Width - 182) * 0.53;18 + (Parent.Width - 190) * 0.55
scrAvaliacao;lblIdR3Ava;existente;Width;GEOMETRIA;(Parent.Width - 182) * 0.12 - 14;(Parent.Width - 190) * 0.15 - 16
scrAvaliacao;lblIdR3Ava;existente;Y;GEOMETRIA;10;34
scrAvaliacao;lblIdV3Ava;existente;X;GEOMETRIA;16 + (Parent.Width - 182) * 0.53;18 + (Parent.Width - 190) * 0.55
scrAvaliacao;lblIdV3Ava;existente;Width;GEOMETRIA;(Parent.Width - 182) * 0.12 - 14;(Parent.Width - 190) * 0.15 - 16
scrAvaliacao;lblIdV3Ava;existente;Y;GEOMETRIA;28;50
scrAvaliacao;lblIdS3Ava;existente;X;GEOMETRIA;16 + (Parent.Width - 182) * 0.53;18 + (Parent.Width - 190) * 0.55
scrAvaliacao;lblIdS3Ava;existente;Width;GEOMETRIA;(Parent.Width - 182) * 0.12 - 14;(Parent.Width - 190) * 0.15 - 16
scrAvaliacao;lblIdS3Ava;existente;Y;GEOMETRIA;48;70
scrAvaliacao;lblIdR4Ava;existente;X;GEOMETRIA;16 + (Parent.Width - 182) * 0.65;18 + (Parent.Width - 190) * 0.70
scrAvaliacao;lblIdR4Ava;existente;Width;GEOMETRIA;(Parent.Width - 182) * 0.22 - 14;(Parent.Width - 190) * 0.30 - 16
scrAvaliacao;lblIdR4Ava;existente;Y;GEOMETRIA;10;34
scrAvaliacao;lblIdV4Ava;existente;X;GEOMETRIA;16 + (Parent.Width - 182) * 0.65;18 + (Parent.Width - 190) * 0.70
scrAvaliacao;lblIdV4Ava;existente;Width;GEOMETRIA;(Parent.Width - 182) * 0.22 - 14;(Parent.Width - 190) * 0.30 - 16
scrAvaliacao;lblIdV4Ava;existente;Y;GEOMETRIA;28;50
scrAvaliacao;lblIdS4Ava;existente;X;GEOMETRIA;16 + (Parent.Width - 182) * 0.65;18 + (Parent.Width - 190) * 0.70
scrAvaliacao;lblIdS4Ava;existente;Width;GEOMETRIA;(Parent.Width - 182) * 0.22 - 14;(Parent.Width - 190) * 0.30 - 16
scrAvaliacao;lblIdS4Ava;existente;Y;GEOMETRIA;48;70
scrAvaliacao;lblIdR0Ava;existente;HtmlText;TEXTO/CONTEÚDO;"""<div style=""""position:relative;box-sizing:border-box;width:100%;height:"" & Text(Max(Self.Height - 2, 0), ""0"", ""en-US"") & ""px;display:flex;align-items:center;min-width:0;min-height:0;line-height:1.15;overflow:hidden;font-family:Segoe UI,Arial,sans-serif;font-size:9.0pt;color:rgba(98,112,131,1);font-weight:700;""""><span style=""""display:block;box-sizing:border-box;min-width:0;width:100%;text-align:left;white-space:nowrap;overflow:hidden;text-overflow:ellipsis;"""">"" & Substitute(Substitute(Substitute(Substitute(Coalesce(Text(""PESSOA""), """"), ""&"", ""&amp;""), ""<"", ""&lt;""), "">"", ""&gt;""), Char(10), ""<br/>"") & ""</span></div>""";"""<div style='box-sizing:border-box;width:100%;height:"" & Text(Max(Self.Height - 2, 0), ""0"", ""en-US"") & ""px;overflow:hidden;font-family:Segoe UI,Arial,sans-serif;display:flex;align-items:center;'>"" & ""<div style='font-size:8.5pt;line-height:1.2;color:#627083;font-weight:700;letter-spacing:.02em;text-align:left;white-space:nowrap;overflow:hidden;text-overflow:ellipsis;'>"" & Substitute(Substitute(Substitute(Coalesce(Text(""PESSOA""), """"), ""&"", ""&amp;""), ""<"", ""&lt;""), "">"", ""&gt;"") & ""</div>"" & ""</div>"""
scrAvaliacao;lblIdR1Ava;existente;HtmlText;TEXTO/CONTEÚDO;"""<div style=""""position:relative;box-sizing:border-box;width:100%;height:"" & Text(Max(Self.Height - 2, 0), ""0"", ""en-US"") & ""px;display:flex;align-items:center;min-width:0;min-height:0;line-height:1.15;overflow:hidden;font-family:Segoe UI,Arial,sans-serif;font-size:9.0pt;color:rgba(98,112,131,1);font-weight:700;""""><span style=""""display:block;box-sizing:border-box;min-width:0;width:100%;text-align:left;white-space:nowrap;overflow:hidden;text-overflow:ellipsis;"""">"" & Substitute(Substitute(Substitute(Substitute(Coalesce(Text(""ÁREA""), """"), ""&"", ""&amp;""), ""<"", ""&lt;""), "">"", ""&gt;""), Char(10), ""<br/>"") & ""</span></div>""";"""<div style='box-sizing:border-box;width:100%;height:"" & Text(Max(Self.Height - 2, 0), ""0"", ""en-US"") & ""px;overflow:hidden;font-family:Segoe UI,Arial,sans-serif;display:flex;align-items:center;'>"" & ""<div style='font-size:8.5pt;line-height:1.2;color:#627083;font-weight:700;letter-spacing:.02em;text-align:left;white-space:nowrap;overflow:hidden;text-overflow:ellipsis;'>"" & Substitute(Substitute(Substitute(Coalesce(Text(""ÁREA""), """"), ""&"", ""&amp;""), ""<"", ""&lt;""), "">"", ""&gt;"") & ""</div>"" & ""</div>"""
scrAvaliacao;lblIdR2Ava;existente;HtmlText;TEXTO/CONTEÚDO;"""<div style=""""position:relative;box-sizing:border-box;width:100%;height:"" & Text(Max(Self.Height - 2, 0), ""0"", ""en-US"") & ""px;display:flex;align-items:center;min-width:0;min-height:0;line-height:1.15;overflow:hidden;font-family:Segoe UI,Arial,sans-serif;font-size:9.0pt;color:rgba(98,112,131,1);font-weight:700;""""><span style=""""display:block;box-sizing:border-box;min-width:0;width:100%;text-align:left;white-space:nowrap;overflow:hidden;text-overflow:ellipsis;"""">"" & Substitute(Substitute(Substitute(Substitute(Coalesce(Text(""MÓDULO""), """"), ""&"", ""&amp;""), ""<"", ""&lt;""), "">"", ""&gt;""), Char(10), ""<br/>"") & ""</span></div>""";"""<div style='box-sizing:border-box;width:100%;height:"" & Text(Max(Self.Height - 2, 0), ""0"", ""en-US"") & ""px;overflow:hidden;font-family:Segoe UI,Arial,sans-serif;display:flex;align-items:center;'>"" & ""<div style='font-size:8.5pt;line-height:1.2;color:#627083;font-weight:700;letter-spacing:.02em;text-align:left;white-space:nowrap;overflow:hidden;text-overflow:ellipsis;'>"" & Substitute(Substitute(Substitute(Coalesce(Text(""MÓDULO""), """"), ""&"", ""&amp;""), ""<"", ""&lt;""), "">"", ""&gt;"") & ""</div>"" & ""</div>"""
scrAvaliacao;lblIdR3Ava;existente;HtmlText;TEXTO/CONTEÚDO;"""<div style=""""position:relative;box-sizing:border-box;width:100%;height:"" & Text(Max(Self.Height - 2, 0), ""0"", ""en-US"") & ""px;display:flex;align-items:center;min-width:0;min-height:0;line-height:1.15;overflow:hidden;font-family:Segoe UI,Arial,sans-serif;font-size:9.0pt;color:rgba(98,112,131,1);font-weight:700;""""><span style=""""display:block;box-sizing:border-box;min-width:0;width:100%;text-align:left;white-space:nowrap;overflow:hidden;text-overflow:ellipsis;"""">"" & Substitute(Substitute(Substitute(Substitute(Coalesce(Text(""TIPO""), """"), ""&"", ""&amp;""), ""<"", ""&lt;""), "">"", ""&gt;""), Char(10), ""<br/>"") & ""</span></div>""";"""<div style='box-sizing:border-box;width:100%;height:"" & Text(Max(Self.Height - 2, 0), ""0"", ""en-US"") & ""px;overflow:hidden;font-family:Segoe UI,Arial,sans-serif;display:flex;align-items:center;'>"" & ""<div style='font-size:8.5pt;line-height:1.2;color:#627083;font-weight:700;letter-spacing:.02em;text-align:left;white-space:nowrap;overflow:hidden;text-overflow:ellipsis;'>"" & Substitute(Substitute(Substitute(Coalesce(Text(""TIPO""), """"), ""&"", ""&amp;""), ""<"", ""&lt;""), "">"", ""&gt;"") & ""</div>"" & ""</div>"""
scrAvaliacao;lblIdR4Ava;existente;HtmlText;TEXTO/CONTEÚDO;"""<div style=""""position:relative;box-sizing:border-box;width:100%;height:"" & Text(Max(Self.Height - 2, 0), ""0"", ""en-US"") & ""px;display:flex;align-items:center;min-width:0;min-height:0;line-height:1.15;overflow:hidden;font-family:Segoe UI,Arial,sans-serif;font-size:9.0pt;color:rgba(98,112,131,1);font-weight:700;""""><span style=""""display:block;box-sizing:border-box;min-width:0;width:100%;text-align:left;white-space:nowrap;overflow:hidden;text-overflow:ellipsis;"""">"" & Substitute(Substitute(Substitute(Substitute(Coalesce(Text(""AVALIADOR""), """"), ""&"", ""&amp;""), ""<"", ""&lt;""), "">"", ""&gt;""), Char(10), ""<br/>"") & ""</span></div>""";"""<div style='box-sizing:border-box;width:100%;height:"" & Text(Max(Self.Height - 2, 0), ""0"", ""en-US"") & ""px;overflow:hidden;font-family:Segoe UI,Arial,sans-serif;display:flex;align-items:center;'>"" & ""<div style='font-size:8.5pt;line-height:1.2;color:#627083;font-weight:700;letter-spacing:.02em;text-align:left;white-space:nowrap;overflow:hidden;text-overflow:ellipsis;'>"" & Substitute(Substitute(Substitute(Coalesce(Text(""AVALIADOR""), """"), ""&"", ""&amp;""), ""<"", ""&lt;""), "">"", ""&gt;"") & ""</div>"" & ""</div>"""
scrAvaliacao;lblIdR6Ava;existente;HtmlText;TEXTO/CONTEÚDO;"""<div style=""""position:relative;box-sizing:border-box;width:100%;height:"" & Text(Max(Self.Height - 2, 0), ""0"", ""en-US"") & ""px;display:flex;align-items:center;min-width:0;min-height:0;line-height:1.15;overflow:hidden;font-family:Segoe UI,Arial,sans-serif;font-size:9.0pt;color:rgba(98,112,131,1);font-weight:700;""""><span style=""""display:block;box-sizing:border-box;min-width:0;width:100%;text-align:left;white-space:nowrap;overflow:hidden;text-overflow:ellipsis;"""">"" & Substitute(Substitute(Substitute(Substitute(Coalesce(Text(""ESTADO""), """"), ""&"", ""&amp;""), ""<"", ""&lt;""), "">"", ""&gt;""), Char(10), ""<br/>"") & ""</span></div>""";"""<div style='box-sizing:border-box;width:100%;height:"" & Text(Max(Self.Height - 2, 0), ""0"", ""en-US"") & ""px;overflow:hidden;font-family:Segoe UI,Arial,sans-serif;display:flex;align-items:center;'>"" & ""<div style='font-size:8.5pt;line-height:1.2;color:#627083;font-weight:700;letter-spacing:.02em;text-align:left;white-space:nowrap;overflow:hidden;text-overflow:ellipsis;'>"" & Substitute(Substitute(Substitute(Coalesce(Text(""ESTADO""), """"), ""&"", ""&amp;""), ""<"", ""&lt;""), "">"", ""&gt;"") & ""</div>"" & ""</div>"""
scrAvaliacao;lblIdR6Ava;existente;Y;GEOMETRIA;10;34
scrAvaliacao;lblIdR6Ava;existente;Width;GEOMETRIA;134;132
scrAvaliacao;bdgIdEstAva;existente;Y;GEOMETRIA;30;52
scrAvaliacao;bdgIdEstAva;existente;Width;GEOMETRIA;134;132
scrAvaliacao;bdgIdEstAva;existente;Tooltip;TEXTO/CONTEÚDO;"""""";"If(IsBlank(locAv.Tentativa), """", ""Tentativa "" & locAv.Tentativa)"
scrAvaliacao;lblIdV0Ava;existente;HtmlText;TEXTO/CONTEÚDO;"""<div style=""""position:relative;box-sizing:border-box;width:100%;height:"" & Text(Max(Self.Height - 2, 0), ""0"", ""en-US"") & ""px;display:flex;align-items:center;min-width:0;min-height:0;line-height:1.15;overflow:hidden;font-family:Segoe UI,Arial,sans-serif;font-size:11.0pt;color:rgba(32,42,53,1);font-weight:600;""""><span style=""""display:block;box-sizing:border-box;min-width:0;width:100%;text-align:left;white-space:nowrap;overflow:hidden;text-overflow:ellipsis;"""">"" & Substitute(Substitute(Substitute(Substitute(Coalesce(Text(Coalesce(locAv.PessoaNomeSnap, LookUp(colPessoas, Codigo = locAv.Pessoa).Nome)), """"), ""&"", ""&amp;""), ""<"", ""&lt;""), "">"", ""&gt;""), Char(10), ""<br/>"") & ""</span></div>""";"""<div style='box-sizing:border-box;width:100%;height:"" & Text(Max(Self.Height - 2, 0), ""0"", ""en-US"") & ""px;overflow:hidden;font-family:Segoe UI,Arial,sans-serif;display:flex;align-items:center;'>"" & ""<div style='font-size:10.5pt;line-height:1.25;color:#1D2A3A;font-weight:600;text-align:left;white-space:nowrap;overflow:hidden;text-overflow:ellipsis;'>"" & Substitute(Substitute(Substitute(Coalesce(Text(Coalesce(locAv.PessoaNomeSnap, LookUp(colPessoas, Codigo = locAv.Pessoa).Nome)), """"), ""&"", ""&amp;""), ""<"", ""&lt;""), "">"", ""&gt;"") & ""</div>"" & ""</div>"""
scrAvaliacao;lblIdV1Ava;existente;HtmlText;TEXTO/CONTEÚDO;"""<div style=""""position:relative;box-sizing:border-box;width:100%;height:"" & Text(Max(Self.Height - 2, 0), ""0"", ""en-US"") & ""px;display:flex;align-items:center;min-width:0;min-height:0;line-height:1.15;overflow:hidden;font-family:Segoe UI,Arial,sans-serif;font-size:11.0pt;color:rgba(32,42,53,1);font-weight:600;""""><span style=""""display:block;box-sizing:border-box;min-width:0;width:100%;text-align:left;white-space:nowrap;overflow:hidden;text-overflow:ellipsis;"""">"" & Substitute(Substitute(Substitute(Substitute(Coalesce(Text(locAv.Area), """"), ""&"", ""&amp;""), ""<"", ""&lt;""), "">"", ""&gt;""), Char(10), ""<br/>"") & ""</span></div>""";"""<div style='box-sizing:border-box;width:100%;height:"" & Text(Max(Self.Height - 2, 0), ""0"", ""en-US"") & ""px;overflow:hidden;font-family:Segoe UI,Arial,sans-serif;display:flex;align-items:center;'>"" & ""<div style='font-size:10.5pt;line-height:1.25;color:#1D2A3A;font-weight:600;text-align:left;white-space:nowrap;overflow:hidden;text-overflow:ellipsis;'>"" & Substitute(Substitute(Substitute(Coalesce(Text(locAv.Area), """"), ""&"", ""&amp;""), ""<"", ""&lt;""), "">"", ""&gt;"") & ""</div>"" & ""</div>"""
scrAvaliacao;lblIdV3Ava;existente;HtmlText;TEXTO/CONTEÚDO;"""<div style=""""position:relative;box-sizing:border-box;width:100%;height:"" & Text(Max(Self.Height - 2, 0), ""0"", ""en-US"") & ""px;display:flex;align-items:center;min-width:0;min-height:0;line-height:1.15;overflow:hidden;font-family:Segoe UI,Arial,sans-serif;font-size:11.0pt;color:rgba(32,42,53,1);font-weight:600;""""><span style=""""display:block;box-sizing:border-box;min-width:0;width:100%;text-align:left;white-space:nowrap;overflow:hidden;text-overflow:ellipsis;"""">"" & Substitute(Substitute(Substitute(Substitute(Coalesce(Text(Switch(locAv.Tipo, ""QUALIFICACAO"", ""Qualificação"", ""REQUALIFICACAO"", ""Requalificação"", ""EXTRAORDINARIA"", ""Extraordinária"", locAv.Tipo)), """"), ""&"", ""&amp;""), ""<"", ""&lt;""), "">"", ""&gt;""), Char(10), ""<br/>"") & ""</span></div>""";"""<div style='box-sizing:border-box;width:100%;height:"" & Text(Max(Self.Height - 2, 0), ""0"", ""en-US"") & ""px;overflow:hidden;font-family:Segoe UI,Arial,sans-serif;display:flex;align-items:center;'>"" & ""<div style='font-size:10.5pt;line-height:1.25;color:#1D2A3A;font-weight:600;text-align:left;white-space:nowrap;overflow:hidden;text-overflow:ellipsis;'>"" & Substitute(Substitute(Substitute(Coalesce(Text(Switch(locAv.Tipo, ""QUALIFICACAO"", ""Qualificação"", ""REQUALIFICACAO"", ""Requalificação"", ""EXTRAORDINARIA"", ""Extraordinária"", locAv.Tipo)), """"), ""&"", ""&amp;""), ""<"", ""&lt;""), "">"", ""&gt;"") & ""</div>"" & ""</div>"""
scrAvaliacao;lblIdV4Ava;existente;Height;GEOMETRIA;20;"If(Len(Coalesce(locAv.AvaliadorNome, """")) * 7.6 <= Self.Width, 20, 36)"
scrAvaliacao;lblIdV4Ava;existente;HtmlText;TEXTO/CONTEÚDO;"""<div style=""""position:relative;box-sizing:border-box;width:100%;height:"" & Text(Max(Self.Height - 2, 0), ""0"", ""en-US"") & ""px;display:flex;align-items:center;min-width:0;min-height:0;line-height:1.15;overflow:hidden;font-family:Segoe UI,Arial,sans-serif;font-size:11.0pt;color:rgba(32,42,53,1);font-weight:600;""""><span style=""""display:block;box-sizing:border-box;min-width:0;width:100%;text-align:left;white-space:nowrap;overflow:hidden;text-overflow:ellipsis;"""">"" & Substitute(Substitute(Substitute(Substitute(Coalesce(Text(locAv.AvaliadorNome), """"), ""&"", ""&amp;""), ""<"", ""&lt;""), "">"", ""&gt;""), Char(10), ""<br/>"") & ""</span></div>""";"""<div style='box-sizing:border-box;width:100%;height:"" & Text(Max(Self.Height - 2, 0), ""0"", ""en-US"") & ""px;overflow:hidden;font-family:Segoe UI,Arial,sans-serif;display:flex;align-items:flex-start;'>"" & ""<div style='font-size:10.5pt;line-height:1.25;color:#1D2A3A;font-weight:600;text-align:left;white-space:normal;overflow:hidden;max-height:2.5em;display:-webkit-box;-webkit-line-clamp:2;-webkit-box-orient:vertical;'>"" & Substitute(Substitute(Substitute(Coalesce(Text(locAv.AvaliadorNome), """"), ""&"", ""&amp;""), ""<"", ""&lt;""), "">"", ""&gt;"") & ""</div>"" & ""</div>"""
scrAvaliacao;lblIdS4Ava;existente;Visible;VISUAL;true;"Len(Coalesce(locAv.AvaliadorNome, """")) * 7.6 <= lblIdV4Ava.Width"
scrAvaliacao;lblIdV2Ava;existente;Height;GEOMETRIA;20;36
scrAvaliacao;lblIdV2Ava;existente;HtmlText;TEXTO/CONTEÚDO;"""<div style='box-sizing:border-box;width:100%;height:"" & Text(Max(Self.Height - 2, 0), ""0"", ""en-US"") & ""px;overflow:hidden;font-family:Segoe UI,Arial,sans-serif;display:flex;align-items:center;'>"" & ""<div style='font-size:10.5pt;line-height:1.25;color:#1D2A3A;font-weight:600;text-align:left;white-space:nowrap;overflow:hidden;text-overflow:ellipsis;'>"" & Substitute(Substitute(Substitute(Coalesce(Text(If("" — "" in Coalesce(locAv.ModuloNome, """"), First(Split(locAv.ModuloNome, "" — "")).Value, locAv.ModuloNome)), """"), ""&"", ""&amp;""), ""<"", ""&lt;""), "">"", ""&gt;"") & ""</div>"" & ""</div>""";"""<div style='box-sizing:border-box;width:100%;height:"" & Text(Max(Self.Height - 2, 0), ""0"", ""en-US"") & ""px;overflow:hidden;font-family:Segoe UI,Arial,sans-serif;display:flex;align-items:flex-start;'>"" & ""<div style='font-size:10.5pt;line-height:1.25;color:#1D2A3A;font-weight:600;text-align:left;white-space:normal;overflow:hidden;max-height:2.5em;display:-webkit-box;-webkit-line-clamp:2;-webkit-box-orient:vertical;'>"" & Substitute(Substitute(Substitute(Coalesce(Text(If("" — "" in Coalesce(locAv.ModuloNome, """"), First(Split(locAv.ModuloNome, "" — "")).Value, Coalesce(locAv.ModuloNome, ""—""))), """"), ""&"", ""&amp;""), ""<"", ""&lt;""), "">"", ""&gt;"") & ""</div>"" & ""</div>"""
scrAvaliacao;lblIdS2Ava;existente;Visible;VISUAL;true;false
scrAvaliacao;lblIdS2Ava;existente;Tooltip;TEXTO/CONTEÚDO;"""Módulo "" & locAv.Modulo";""""""
scrAvaliacao;lblIdR5Ava;existente;Visible;VISUAL;true;false
scrAvaliacao;lblIdV5Ava;existente;Visible;VISUAL;true;false
scrAvaliacao;lblIdS5Ava;existente;Visible;VISUAL;true;false
scrAvaliacao;conDocAva;existente;X;GEOMETRIA;260 + (Parent.Width - 284) * 0.58 + 20;conIdAva.X
scrAvaliacao;conDocAva;existente;Y;GEOMETRIA;conMetAva.Y + conMetAva.Height + 16;conIdAva.Y + 98
scrAvaliacao;conDocAva;existente;Width;GEOMETRIA;(Parent.Width - 284) * 0.42 - 20;conIdAva.Width * 0.66
scrAvaliacao;conDocAva;existente;Height;GEOMETRIA;"Min(Max((52 + 46 * Min(Max(CountRows(colDocsAva), 1), 4)), 98), 98 + Max(((Parent.Height - 20 - If(conBarraAva.Visible, conBarraAva.Height + 16, 0) - (86 + If((locAv.Estado = ""PREENCHIMENTO"" && locAv.Avaliador = varUsuario.Codigo) || !!IsBlank(locAv.Uid), 142, 188)) - 32) - 206 - 84 - 98) - (conMetAva.Height - 84), 0))";48 + If(CountRows(colDocsAva) = 0, 34, If(Max(colDocsAva, Len(Coalesce(Titulo, Codigo))) > ((Self.Width - 36) / 2 - 36) / 6.2, 82, 66) * Min(RoundUp(CountRows(colDocsAva) / 2, 0), 2))
scrAvaliacao;conDocAva;existente;BorderThickness;VISUAL;1;0
scrAvaliacao;conDocAva;existente;Fill;VISUAL;RGBA(255, 255, 255, 1);RGBA(0, 0, 0, 0)
scrAvaliacao;lblDocTitAva;existente;Y;GEOMETRIA;6;0
scrAvaliacao;lblDocTitAva;existente;Width;GEOMETRIA;Parent.Width * 0.58 - 18;Parent.Width * 0.64 - 18
scrAvaliacao;lblDocTitAva;existente;Height;GEOMETRIA;32;40
scrAvaliacao;lblDocTitAva;existente;HtmlText;TEXTO/CONTEÚDO;"""<div style=""""position:relative;box-sizing:border-box;width:100%;height:"" & Text(Max(Self.Height - 2, 0), ""0"", ""en-US"") & ""px;display:flex;align-items:center;min-width:0;min-height:0;line-height:1.15;overflow:hidden;font-family:Segoe UI,Arial,sans-serif;font-size:12.0pt;color:rgba(14,42,74,1);font-weight:700;""""><span style=""""display:block;box-sizing:border-box;min-width:0;width:100%;text-align:left;white-space:normal;overflow:hidden;text-overflow:ellipsis;"""">"" & Substitute(Substitute(Substitute(Substitute(Coalesce(Text(""Documentos aplicáveis""), """"), ""&"", ""&amp;""), ""<"", ""&lt;""), "">"", ""&gt;""), Char(10), ""<br/>"") & ""</span></div>""";"""<div style='box-sizing:border-box;width:100%;height:"" & Text(Max(Self.Height - 2, 0), ""0"", ""en-US"") & ""px;overflow:hidden;font-family:Segoe UI,Arial,sans-serif;display:flex;flex-direction:column;justify-content:center;'>"" & ""<div style='font-size:12pt;line-height:1.25;color:#0E2A4A;font-weight:700;white-space:nowrap;overflow:hidden;text-overflow:ellipsis;'>"" & Substitute(Substitute(Substitute(Coalesce(Text(""Base documental""), """"), ""&"", ""&amp;""), ""<"", ""&lt;""), "">"", ""&gt;"") & ""</div>"" & ""<div style='margin-top:2px;font-size:9pt;line-height:1.25;color:#627083;white-space:nowrap;overflow:hidden;text-overflow:ellipsis;'>"" & Substitute(Substitute(Substitute(Coalesce(Text(""Documentos utilizados como referência para esta avaliação.""), """"), ""&"", ""&amp;""), ""<"", ""&lt;""), "">"", ""&gt;"") & ""</div>"" & ""</div>"""
scrAvaliacao;lblDocAuxAva;existente;X;GEOMETRIA;Parent.Width * 0.58;Parent.Width * 0.64
scrAvaliacao;lblDocAuxAva;existente;Y;GEOMETRIA;6;4
scrAvaliacao;lblDocAuxAva;existente;Width;GEOMETRIA;Parent.Width * 0.42 - 18;Parent.Width * 0.36 - 20
scrAvaliacao;lblDocAuxAva;existente;Height;GEOMETRIA;32;22
scrAvaliacao;lblDocAuxAva;existente;Visible;VISUAL;true;CountRows(colDocsAva) > 0
scrAvaliacao;lblDocAuxAva;existente;HtmlText;TEXTO/CONTEÚDO;"""<div style='box-sizing:border-box;width:100%;height:"" & Text(Max(Self.Height - 2, 0), ""0"", ""en-US"") & ""px;overflow:hidden;font-family:Segoe UI,Arial,sans-serif;display:flex;align-items:center;'>"" & ""<div style='font-size:9pt;line-height:1.25;color:#627083;font-weight:400;text-align:right;white-space:nowrap;overflow:hidden;text-overflow:ellipsis;'>"" & Substitute(Substitute(Substitute(Coalesce(Text(If(CountRows(colDocsAva) = 1, ""1 documento"", CountRows(colDocsAva) & "" documentos"") & If(IsBlank(locAv.Area), """", "" para "" & locAv.Area)), """"), ""&"", ""&amp;""), ""<"", ""&lt;""), "">"", ""&gt;"") & ""</div>"" & ""</div>""";"""<div style='box-sizing:border-box;width:100%;height:"" & Text(Max(Self.Height - 2, 0), ""0"", ""en-US"") & ""px;overflow:hidden;font-family:Segoe UI,Arial,sans-serif;display:flex;align-items:center;justify-content:flex-end;'>"" & ""<div style='font-size:9pt;line-height:1.25;color:#1C5582;font-weight:600;text-align:right;white-space:nowrap;overflow:hidden;text-overflow:ellipsis;'>"" & Substitute(Substitute(Substitute(Coalesce(Text(If(CountRows(colDocsAva) = 1, ""1 documento aplicável"", CountRows(colDocsAva) & "" documentos aplicáveis"")), """"), ""&"", ""&amp;""), ""<"", ""&lt;""), "">"", ""&gt;"") & ""</div>"" & ""</div>"""
scrAvaliacao;recDocLinhaAva;existente;X;GEOMETRIA;0;Parent.Width - 1
scrAvaliacao;recDocLinhaAva;existente;Y;GEOMETRIA;42;4
scrAvaliacao;recDocLinhaAva;existente;Width;GEOMETRIA;Parent.Width;1
scrAvaliacao;recDocLinhaAva;existente;Height;GEOMETRIA;1;Parent.Height - 8
scrAvaliacao;galDocAva;existente;X;GEOMETRIA;0;18
scrAvaliacao;galDocAva;existente;Width;GEOMETRIA;Parent.Width;Parent.Width - 36
scrAvaliacao;galDocAva;existente;Height;GEOMETRIA;Parent.Height - 48;Parent.Height - 46
scrAvaliacao;galDocAva;existente;WrapCount;GEOMETRIA;1;2
scrAvaliacao;galDocAva;existente;TemplateSize;GEOMETRIA;46;If(Max(colDocsAva, Len(Coalesce(Titulo, Codigo))) > ((Parent.Width - 36) / 2 - 36) / 6.2, 82, 66)
scrAvaliacao;htmlDocCardAva;existente;X;GEOMETRIA;12;0
scrAvaliacao;htmlDocCardAva;existente;Y;GEOMETRIA;3;0
scrAvaliacao;htmlDocCardAva;existente;Width;GEOMETRIA;Parent.TemplateWidth - 24;Parent.TemplateWidth - 12
scrAvaliacao;htmlDocCardAva;existente;Height;GEOMETRIA;40;Parent.TemplateHeight - 8
scrAvaliacao;htmlDocCardAva;existente;HtmlText;TEXTO/CONTEÚDO;"""<div style='box-sizing:border-box;width:100%;height:38px;background:#F7F9FC;border:1px solid #E6ECF3;border-radius:8px;'></div>""";"""<div style='box-sizing:border-box;width:100%;height:"" & Text(Max(Self.Height - 2, 0), ""0"", ""en-US"") & ""px;background:#F7F9FC;border:1px solid #E6ECF3;border-radius:8px;'></div>"""
scrAvaliacao;lblDocAva;existente;X;GEOMETRIA;26;12
scrAvaliacao;lblDocAva;existente;Y;GEOMETRIA;7;5
scrAvaliacao;lblDocAva;existente;Width;GEOMETRIA;Parent.TemplateWidth - 52;Parent.TemplateWidth - 36
scrAvaliacao;lblDocAva;existente;Height;GEOMETRIA;18;Parent.TemplateHeight - 33
scrAvaliacao;lblDocAva;existente;Tooltip;TEXTO/CONTEÚDO;ThisItem.Titulo;"ThisItem.Codigo & If(IsBlank(ThisItem.Titulo), """", "" — "" & ThisItem.Titulo)"
scrAvaliacao;lblDocAva;existente;HtmlText;TEXTO/CONTEÚDO;"""<div style=""""position:relative;box-sizing:border-box;width:100%;height:"" & Text(Max(Self.Height - 2, 0), ""0"", ""en-US"") & ""px;display:flex;align-items:center;min-width:0;min-height:0;line-height:1.15;overflow:hidden;font-family:Segoe UI,Arial,sans-serif;font-size:10pt;color:rgba(32,42,53,1);font-weight:600;""""><span style=""""display:block;box-sizing:border-box;min-width:0;width:100%;text-align:left;white-space:nowrap;overflow:hidden;text-overflow:ellipsis;"""">"" & Substitute(Substitute(Substitute(Substitute(Coalesce(Text(Coalesce(ThisItem.Titulo, ThisItem.Codigo)), """"), ""&"", ""&amp;""), ""<"", ""&lt;""), "">"", ""&gt;""), Char(10), ""<br/>"") & ""</span></div>""";"""<div style='box-sizing:border-box;width:100%;height:"" & Text(Max(Self.Height - 2, 0), ""0"", ""en-US"") & ""px;overflow:hidden;font-family:Segoe UI,Arial,sans-serif;'>"" & ""<div style='font-size:9pt;line-height:1.25;color:#0E2A4A;font-weight:600;white-space:nowrap;overflow:hidden;text-overflow:ellipsis;'>"" & Substitute(Substitute(Substitute(Coalesce(Text(Coalesce(ThisItem.Codigo, ThisItem.Titulo)), """"), ""&"", ""&amp;""), ""<"", ""&lt;""), "">"", ""&gt;"") & ""</div>"" & If(IsBlank(ThisItem.Titulo) || IsBlank(ThisItem.Codigo), """", ""<div style='font-size:10pt;line-height:1.25;color:#344054;font-weight:400;white-space:normal;overflow:hidden;max-height:2.5em;display:-webkit-box;-webkit-line-clamp:2;-webkit-box-orient:vertical;'>"" & Substitute(Substitute(Substitute(Coalesce(Text(ThisItem.Titulo), """"), ""&"", ""&amp;""), ""<"", ""&lt;""), "">"", ""&gt;"") & ""</div>"") & ""</div>"""
scrAvaliacao;lblDocSubAva;existente;X;GEOMETRIA;26;12
scrAvaliacao;lblDocSubAva;existente;Y;GEOMETRIA;25;Parent.TemplateHeight - 28
scrAvaliacao;lblDocSubAva;existente;Width;GEOMETRIA;Parent.TemplateWidth - 52;Parent.TemplateWidth - 36
scrAvaliacao;lblDocSubAva;existente;HtmlText;TEXTO/CONTEÚDO;"""<div style='box-sizing:border-box;width:100%;height:"" & Text(Max(Self.Height - 2, 0), ""0"", ""en-US"") & ""px;overflow:hidden;font-family:Segoe UI,Arial,sans-serif;display:flex;align-items:center;'>"" & ""<div style='font-size:8.5pt;line-height:1.25;color:#6B7A8D;font-weight:400;text-align:left;white-space:nowrap;overflow:hidden;text-overflow:ellipsis;'>"" & Substitute(Substitute(Substitute(Coalesce(Text(ThisItem.Codigo & "" · Versão "" & Coalesce(ThisItem.Versao, ""—"") & If(IsBlank(ThisItem.Expiracao), """", "" · Validade "" & ThisItem.Expiracao)), """"), ""&"", ""&amp;""), ""<"", ""&lt;""), "">"", ""&gt;"") & ""</div>"" & ""</div>""";"""<div style='box-sizing:border-box;width:100%;height:"" & Text(Max(Self.Height - 2, 0), ""0"", ""en-US"") & ""px;overflow:hidden;font-family:Segoe UI,Arial,sans-serif;display:flex;align-items:center;'>"" & ""<div style='font-size:8.5pt;line-height:1.25;color:#6B7A8D;font-weight:400;text-align:left;white-space:nowrap;overflow:hidden;text-overflow:ellipsis;'>"" & Substitute(Substitute(Substitute(Coalesce(Text(With({_v: Trim(Coalesce(ThisItem.Versao, """")), _e: Trim(Coalesce(ThisItem.Expiracao, """"))}, With({_d: If(IsMatch(_e, ""\d{4}-\d{2}-\d{2}.*""), Mid(_e, 9, 2) & ""/"" & Mid(_e, 6, 2) & ""/"" & Left(_e, 4), _e)}, If(!IsBlank(_v) && !IsBlank(_e), ""Versão "" & _v & "" · validade "" & _d, !IsBlank(_v), ""Versão "" & _v, !IsBlank(_e), ""Validade "" & _d, """")))), """"), ""&"", ""&amp;""), ""<"", ""&lt;""), "">"", ""&gt;"") & ""</div>"" & ""</div>"""
scrAvaliacao;lblDocVazioAva;existente;X;GEOMETRIA;0;18
scrAvaliacao;lblDocVazioAva;existente;Y;GEOMETRIA;56;46
scrAvaliacao;lblDocVazioAva;existente;Width;GEOMETRIA;Parent.Width;Parent.Width - 36
scrAvaliacao;lblDocVazioAva;existente;HtmlText;TEXTO/CONTEÚDO;"""<div style='box-sizing:border-box;width:100%;height:"" & Text(Max(Self.Height - 2, 0), ""0"", ""en-US"") & ""px;overflow:hidden;font-family:Segoe UI,Arial,sans-serif;display:flex;align-items:center;justify-content:center;'>"" & ""<div style='font-size:10pt;line-height:1.25;color:#627083;font-weight:400;text-align:center;white-space:nowrap;overflow:hidden;text-overflow:ellipsis;'>"" & Substitute(Substitute(Substitute(Coalesce(Text(""Nenhum documento de referência disponível.""), """"), ""&"", ""&amp;""), ""<"", ""&lt;""), "">"", ""&gt;"") & ""</div>"" & ""</div>""";"""<div style='box-sizing:border-box;width:100%;height:"" & Text(Max(Self.Height - 2, 0), ""0"", ""en-US"") & ""px;overflow:hidden;font-family:Segoe UI,Arial,sans-serif;display:flex;align-items:center;'>"" & ""<div style='font-size:10pt;line-height:1.25;color:#627083;font-weight:400;text-align:left;white-space:nowrap;overflow:hidden;text-overflow:ellipsis;'>"" & Substitute(Substitute(Substitute(Coalesce(Text(""Nenhum documento de referência disponível.""), """"), ""&"", ""&amp;""), ""<"", ""&lt;""), "">"", ""&gt;"") & ""</div>"" & ""</div>"""
scrAvaliacao;conMetAva;existente;X;GEOMETRIA;260 + (Parent.Width - 284) * 0.58 + 20;conIdAva.X + conDocAva.Width
scrAvaliacao;conMetAva;existente;Y;GEOMETRIA;"(86 + If((locAv.Estado = ""PREENCHIMENTO"" && locAv.Avaliador = varUsuario.Codigo) || !!IsBlank(locAv.Uid), 142, 188))";conDocAva.Y
scrAvaliacao;conMetAva;existente;Width;GEOMETRIA;(Parent.Width - 284) * 0.42 - 20;conIdAva.Width - conDocAva.Width
scrAvaliacao;conMetAva;existente;Height;GEOMETRIA;"Min(Max((46 + 19 * Min(Max(RoundUp(Len(Coalesce(locAv.MetodoSnap, ""—"")) / Max(30, (Self.Width - 32) / 6.5), 0), 1), 7)), 84), 84 + Max(((Parent.Height - 20 - If(conBarraAva.Visible, conBarraAva.Height + 16, 0) - (86 + If((locAv.Estado = ""PREENCHIMENTO"" && locAv.Avaliador = varUsuario.Codigo) || !!IsBlank(locAv.Uid), 142, 188)) - 32) - 206 - 84 - 98), 0))";"34 + 19 * Min(Max(RoundUp(Len(Coalesce(locAv.MetodoSnap, ""—"")) / Max(20, (Self.Width - 40) / 6.6), 0), 1), 6) + 8"
scrAvaliacao;conMetAva;existente;BorderThickness;VISUAL;1;0
scrAvaliacao;conMetAva;existente;Fill;VISUAL;RGBA(255, 255, 255, 1);RGBA(0, 0, 0, 0)
scrAvaliacao;lblMetTitAva;existente;X;GEOMETRIA;18;20
scrAvaliacao;lblMetTitAva;existente;Y;GEOMETRIA;6;0
scrAvaliacao;lblMetTitAva;existente;Width;GEOMETRIA;Parent.Width - 36;Parent.Width - 40
scrAvaliacao;lblMetTitAva;existente;Height;GEOMETRIA;32;24
scrAvaliacao;lblMetAva;existente;X;GEOMETRIA;18;20
scrAvaliacao;lblMetAva;existente;Y;GEOMETRIA;40;28
scrAvaliacao;lblMetAva;existente;Width;GEOMETRIA;Parent.Width - 36;Parent.Width - 40
scrAvaliacao;lblMetAva;existente;Height;GEOMETRIA;Parent.Height - 46;Parent.Height - 30
scrAvaliacao;lblBannerAva;existente;Y;GEOMETRIA;220;conIdAva.Y + conIdAva.Height + 12
scrAvaliacao;conCritAva;existente;Y;GEOMETRIA;"(86 + If((locAv.Estado = ""PREENCHIMENTO"" && locAv.Avaliador = varUsuario.Codigo) || !!IsBlank(locAv.Uid), 142, 188))";conIdAva.Y + conIdAva.Height + 16 + If(lblBannerAva.Visible, lblBannerAva.Height + 12, 0)
scrAvaliacao;conCritAva;existente;Height;GEOMETRIA;"Parent.Height - (86 + If((locAv.Estado = ""PREENCHIMENTO"" && locAv.Avaliador = varUsuario.Codigo) || !!IsBlank(locAv.Uid), 142, 188)) - 20";Parent.Height - Self.Y - 20
scrAvaliacao;conCritAva;existente;Width;GEOMETRIA;(Parent.Width - 284) * 0.58;(Parent.Width - 284) * 0.66
scrAvaliacao;lblCritTitAva;existente;Y;GEOMETRIA;12;6
scrAvaliacao;lblCritTitAva;existente;Height;GEOMETRIA;54;56
scrAvaliacao;lblCritAuxAva;existente;Y;GEOMETRIA;12;6
scrAvaliacao;lblCritAuxAva;existente;Height;GEOMETRIA;54;56
scrAvaliacao;recCritLinhaAva;existente;Y;GEOMETRIA;74;66
scrAvaliacao;galCritAva;existente;Y;GEOMETRIA;75;67
scrAvaliacao;galCritAva;existente;Height;GEOMETRIA;Parent.Height - 76;Parent.Height - 68
scrAvaliacao;galCritAva;existente;TemplateSize;GEOMETRIA;280 + 19 * Min(Max(RoundUp(Max(colCritAva, Len(Descricao)) / Max(30, (Self.Width - 96) / 6.5), 0), 2), 14);188 + 19 * Min(Max(RoundUp(Max(colCritAva, Len(Descricao)) / Max(30, (Self.Width - 96) / 7.2), 0), 1), 20)
scrAvaliacao;htmlCardCritAva;existente;HtmlText;TEXTO/CONTEÚDO;"""<div style='box-sizing:border-box;width:100%;height:"" & Text(Max(Self.Height - 2, 0), ""0"", ""en-US"") & ""px;background:#FFFFFF;border-radius:10px;border:1px solid "" & Switch(ThisItem.Resposta, ""Atendeu"", ""#BFE0C6"", ""Não atendeu"", ""#F0C2C2"", ""N/A"", ""#CBD5E1"", ""#E1E8F0"") & "";'></div>""";"""<div style='box-sizing:border-box;width:100%;height:"" & Text(Max(Self.Height - 2, 0), ""0"", ""en-US"") & ""px;background:#FFFFFF;border-radius:10px;border:1px solid #E1E8F0;box-shadow:inset 3px 0 0 "" & Switch(ThisItem.Resposta, ""Atendeu"", ""#2E7D32"", ""Não atendeu"", ""#B91C1C"", ""N/A"", ""#98A2B3"", ""transparent"") & "";'></div>"""
scrAvaliacao;lblCritIdAva;existente;Y;GEOMETRIA;24;14
scrAvaliacao;lblCritIdAva;existente;Height;GEOMETRIA;24;36
scrAvaliacao;lblCritIdAva;existente;Width;GEOMETRIA;Parent.TemplateWidth - 96;Parent.TemplateWidth - 18 - If(CountRows(Filter(colCritAva, PermiteNA)) > 0, 3, 2) * (Min(124, (Parent.TemplateWidth - 96) / 5) + 8) - 70
scrAvaliacao;lblCritIdAva;existente;HtmlText;TEXTO/CONTEÚDO;"""<div style='box-sizing:border-box;width:100%;height:"" & Text(Max(Self.Height - 2, 0), ""0"", ""en-US"") & ""px;overflow:hidden;font-family:Segoe UI,Arial,sans-serif;display:flex;align-items:center;'>"" & ""<div style='font-size:11.5pt;line-height:1.25;color:#0E2A4A;font-weight:700;text-align:left;white-space:nowrap;overflow:hidden;text-overflow:ellipsis;'>"" & Substitute(Substitute(Substitute(Coalesce(Text(Switch(ThisItem.Dimensao, ""preparacao_execucao"", ""Preparação e execução"", ""equipamentos_materiais_controles"", ""Equipamentos, materiais e controles"", ""pontos_criticos_validade_anomalias"", ""Pontos críticos, validade e anomalias"", ""resultado_interpretacao"", ""Resultado e interpretação"", ""registros_rastreabilidade"", ""Registros e rastreabilidade"", ""seguranca"", ""Segurança na execução"", ""preparacao"", ""Preparação"", ""execucao"", ""Execução"", ""pontos_criticos_anomalias"", ""Pontos críticos e anomalias"", Substitute(ThisItem.Dimensao, ""_"", "" ""))), """"), ""&"", ""&amp;""), ""<"", ""&lt;""), "">"", ""&gt;"") & ""</div>"" & ""</div>""";"""<div style='box-sizing:border-box;width:100%;height:"" & Text(Max(Self.Height - 2, 0), ""0"", ""en-US"") & ""px;overflow:hidden;font-family:Segoe UI,Arial,sans-serif;display:flex;align-items:center;'>"" & ""<div style='font-size:11pt;line-height:1.25;color:#0E2A4A;font-weight:700;text-align:left;white-space:normal;overflow:hidden;max-height:2.5em;display:-webkit-box;-webkit-line-clamp:2;-webkit-box-orient:vertical;'>"" & Substitute(Substitute(Substitute(Coalesce(Text(Switch(ThisItem.Dimensao, ""preparacao_execucao"", ""Preparação e execução"", ""equipamentos_materiais_controles"", ""Equipamentos, materiais e controles"", ""pontos_criticos_validade_anomalias"", ""Pontos críticos, validade e anomalias"", ""resultado_interpretacao"", ""Resultado e interpretação"", ""registros_rastreabilidade"", ""Registros e rastreabilidade"", ""seguranca"", ""Segurança na execução"", ""preparacao"", ""Preparação"", ""execucao"", ""Execução"", ""pontos_criticos_anomalias"", ""Pontos críticos e anomalias"", Substitute(ThisItem.Dimensao, ""_"", "" ""))), """"), ""&"", ""&amp;""), ""<"", ""&lt;""), "">"", ""&gt;"") & ""</div>"" & ""</div>"""
scrAvaliacao;htmlNumCritAva;existente;Y;GEOMETRIA;22;18
scrAvaliacao;lblCritDescAva;existente;Y;GEOMETRIA;52;54
scrAvaliacao;lblCritDescAva;existente;Height;GEOMETRIA;Parent.TemplateHeight - 276;Parent.TemplateHeight - 180
scrAvaliacao;btnAtAva;existente;X;GEOMETRIA;66;Parent.TemplateWidth - 18 - (If(CountRows(Filter(colCritAva, PermiteNA)) > 0, 3, 2) - 0) * (Min(124, (Parent.TemplateWidth - 96) / 5) + 8)
scrAvaliacao;btnAtAva;existente;Y;GEOMETRIA;Parent.TemplateHeight - 212;16
scrAvaliacao;btnAtAva;existente;Width;GEOMETRIA;Min(190, (Parent.TemplateWidth - 120) / 3);Min(124, (Parent.TemplateWidth - 96) / 5)
scrAvaliacao;btnAtAva;existente;Height;GEOMETRIA;36;32
scrAvaliacao;btnNaoAva;existente;X;GEOMETRIA;66 + Min(190, (Parent.TemplateWidth - 120) / 3) + 12;Parent.TemplateWidth - 18 - (If(CountRows(Filter(colCritAva, PermiteNA)) > 0, 3, 2) - 1) * (Min(124, (Parent.TemplateWidth - 96) / 5) + 8)
scrAvaliacao;btnNaoAva;existente;Y;GEOMETRIA;Parent.TemplateHeight - 212;16
scrAvaliacao;btnNaoAva;existente;Width;GEOMETRIA;Min(190, (Parent.TemplateWidth - 120) / 3);Min(124, (Parent.TemplateWidth - 96) / 5)
scrAvaliacao;btnNaoAva;existente;Height;GEOMETRIA;36;32
scrAvaliacao;btnNaAva;existente;X;GEOMETRIA;66 + 2 * (Min(190, (Parent.TemplateWidth - 120) / 3) + 12);Parent.TemplateWidth - 18 - (If(CountRows(Filter(colCritAva, PermiteNA)) > 0, 3, 2) - 2) * (Min(124, (Parent.TemplateWidth - 96) / 5) + 8)
scrAvaliacao;btnNaAva;existente;Y;GEOMETRIA;Parent.TemplateHeight - 212;16
scrAvaliacao;btnNaAva;existente;Width;GEOMETRIA;Min(190, (Parent.TemplateWidth - 120) / 3);Min(124, (Parent.TemplateWidth - 96) / 5)
scrAvaliacao;btnNaAva;existente;Height;GEOMETRIA;36;32
scrAvaliacao;lblComRotAva;existente;Y;GEOMETRIA;Parent.TemplateHeight - 164;Parent.TemplateHeight - 120
scrAvaliacao;txtComAva;existente;Y;GEOMETRIA;Parent.TemplateHeight - 144;Parent.TemplateHeight - 100
scrAvaliacao;txtComAva;existente;Height;GEOMETRIA;58;38
scrAvaliacao;lblCritNAAva;existente;Y;GEOMETRIA;Parent.TemplateHeight - 82;Parent.TemplateHeight - 60
scrAvaliacao;lblCritFonteAva;existente;Y;GEOMETRIA;Parent.TemplateHeight - 60;Parent.TemplateHeight - 44
scrAvaliacao;conParAva;existente;X;GEOMETRIA;260 + (Parent.Width - 284) * 0.58 + 20;260 + (Parent.Width - 284) * 0.66 + 16
scrAvaliacao;conParAva;existente;Width;GEOMETRIA;(Parent.Width - 284) * 0.42 - 20;(Parent.Width - 284) * 0.34 - 16
scrAvaliacao;conParAva;existente;Y;GEOMETRIA;conDocAva.Y + conDocAva.Height + 16;conCritAva.Y
scrAvaliacao;conParAva;existente;Height;GEOMETRIA;Parent.Height - 20 - If(conBarraAva.Visible, conBarraAva.Height + 16, 0) - Self.Y;Parent.Height - 20 - If(conBarraAva.Visible, conBarraAva.Height + 12, 0) - Self.Y
scrAvaliacao;txtParecerAva;existente;HintText;TEXTO/CONTEÚDO;"""Registre aqui o parecer técnico da avaliação.""";"""Registre aqui o parecer técnico sobre o resultado da avaliação."""
scrAvaliacao;lblParTitAva;existente;Y;GEOMETRIA;6;4
scrAvaliacao;lblParTitAva;existente;Height;GEOMETRIA;30;28
scrAvaliacao;lblParRotAva;existente;Y;GEOMETRIA;38;32
scrAvaliacao;txtParecerAva;existente;Y;GEOMETRIA;58;50
scrAvaliacao;txtParecerAva;existente;Height;GEOMETRIA;((Parent.Height - 112) * 0.56);((Parent.Height - 104) * 0.56)
scrAvaliacao;lblParAjAva;existente;Y;GEOMETRIA;60 + ((Parent.Height - 112) * 0.56);52 + ((Parent.Height - 104) * 0.56)
scrAvaliacao;lblObsRotAva;existente;Y;GEOMETRIA;80 + ((Parent.Height - 112) * 0.56);72 + ((Parent.Height - 104) * 0.56)
scrAvaliacao;txtObsAva;existente;Y;GEOMETRIA;100 + ((Parent.Height - 112) * 0.56);92 + ((Parent.Height - 104) * 0.56)
scrAvaliacao;txtObsAva;existente;Height;GEOMETRIA;Parent.Height - (100 + ((Parent.Height - 112) * 0.56)) - 12;Parent.Height - (92 + ((Parent.Height - 104) * 0.56)) - 12
scrAvaliacao;conBarraAva;existente;X;GEOMETRIA;260 + (Parent.Width - 284) * 0.58 + 20;260 + (Parent.Width - 284) * 0.66 + 16
scrAvaliacao;conBarraAva;existente;Width;GEOMETRIA;(Parent.Width - 284) * 0.42 - 20;(Parent.Width - 284) * 0.34 - 16
scrAvaliacao;conBarraAva;existente;Height;GEOMETRIA;84;If(Self.Width >= 470, 106, 144)
scrAvaliacao;lblResumoAva;existente;Height;GEOMETRIA;32;50
scrAvaliacao;lblResumoAva;existente;HtmlText;TEXTO/CONTEÚDO;"""<div style='box-sizing:border-box;width:100%;height:"" & Text(Max(Self.Height - 2, 0), ""0"", ""en-US"") & ""px;overflow:hidden;font-family:Segoe UI,Arial,sans-serif;'>"" & ""<div style='display:flex;align-items:center;justify-content:space-between;height:100%;gap:12px;'>"" & ""<div style='display:flex;flex-direction:column;justify-content:center;min-width:0;'>"" & ""<div style='font-size:9pt;line-height:1.25;color:#344054;font-weight:600;text-align:left;white-space:nowrap;overflow:hidden;text-overflow:ellipsis;'>"" & Substitute(Substitute(Substitute(Coalesce(Text(CountRows(Filter(colCritAva, !IsBlank(Resposta))) & "" de "" & CountRows(colCritAva) & "" critérios respondidos""), """"), ""&"", ""&amp;""), ""<"", ""&lt;""), "">"", ""&gt;"") & ""</div>"" & ""<div style='margin-top:5px;width:140px;height:6px;border-radius:3px;background:#E6ECF3;overflow:hidden;'><div style='height:6px;background:#1C5582;width:"" & Text(If(CountRows(colCritAva) = 0, 0, 100 * CountRows(Filter(colCritAva, !IsBlank(Resposta))) / CountRows(colCritAva)), ""0"", ""en-US"") & ""%;'></div></div></div>"" & ""<div style='display:flex;flex-direction:column;align-items:flex-end;justify-content:center;flex:none;'>"" & ""<div style='font-size:8pt;line-height:1.25;color:#6B7A8D;font-weight:400;text-align:right;white-space:nowrap;overflow:hidden;text-overflow:ellipsis;'>"" & Substitute(Substitute(Substitute(Coalesce(Text(""Resultado atual""), """"), ""&"", ""&amp;""), ""<"", ""&lt;""), "">"", ""&gt;"") & ""</div>"" & ""<div style='font-size:10pt;line-height:1.25;color:#0E2A4A;font-weight:700;text-align:right;white-space:nowrap;overflow:hidden;text-overflow:ellipsis;'>"" & Substitute(Substitute(Substitute(Coalesce(Text(Switch(If(CountRows(Filter(colCritAva, Resposta = ""Não atendeu"")) > 0, ""NAO_ATENDEU"", CountRows(Filter(colCritAva, IsBlank(Resposta))) = 0 && CountRows(Filter(colCritAva, Resposta = ""Atendeu"")) > 0, ""ATENDEU"", """"), ""ATENDEU"", ""Atendeu"", ""NAO_ATENDEU"", ""Não atendeu"", ""Em andamento"")), """"), ""&"", ""&amp;""), ""<"", ""&lt;""), "">"", ""&gt;"") & ""</div>"" & ""</div></div>"" & ""</div>""";"""<div style='box-sizing:border-box;width:100%;height:"" & Text(Max(Self.Height - 2, 0), ""0"", ""en-US"") & ""px;overflow:hidden;font-family:Segoe UI,Arial,sans-serif;'>"" & ""<div style='display:flex;align-items:center;justify-content:space-between;height:30px;gap:12px;'>"" & ""<div style='display:flex;flex-direction:column;justify-content:center;min-width:0;'>"" & ""<div style='font-size:9pt;line-height:1.25;color:#344054;font-weight:600;text-align:left;white-space:nowrap;overflow:hidden;text-overflow:ellipsis;'>"" & Substitute(Substitute(Substitute(Coalesce(Text(CountRows(Filter(colCritAva, !IsBlank(Resposta))) & "" de "" & CountRows(colCritAva) & "" critérios respondidos""), """"), ""&"", ""&amp;""), ""<"", ""&lt;""), "">"", ""&gt;"") & ""</div>"" & ""<div style='margin-top:5px;width:140px;height:6px;border-radius:3px;background:#E6ECF3;overflow:hidden;'><div style='height:6px;background:#1C5582;width:"" & Text(If(CountRows(colCritAva) = 0, 0, 100 * CountRows(Filter(colCritAva, !IsBlank(Resposta))) / CountRows(colCritAva)), ""0"", ""en-US"") & ""%;'></div></div></div>"" & ""<div style='display:flex;flex-direction:column;align-items:flex-end;justify-content:center;flex:none;'>"" & ""<div style='font-size:8pt;line-height:1.25;color:#6B7A8D;font-weight:400;text-align:right;white-space:nowrap;overflow:hidden;text-overflow:ellipsis;'>"" & Substitute(Substitute(Substitute(Coalesce(Text(""Resultado atual""), """"), ""&"", ""&amp;""), ""<"", ""&lt;""), "">"", ""&gt;"") & ""</div>"" & ""<div style='font-size:10pt;line-height:1.25;color:#0E2A4A;font-weight:700;text-align:right;white-space:nowrap;overflow:hidden;text-overflow:ellipsis;'>"" & Substitute(Substitute(Substitute(Coalesce(Text(Switch(If(CountRows(Filter(colCritAva, Resposta = ""Não atendeu"")) > 0, ""NAO_ATENDEU"", CountRows(Filter(colCritAva, IsBlank(Resposta))) = 0 && CountRows(Filter(colCritAva, Resposta = ""Atendeu"")) > 0, ""ATENDEU"", """"), ""ATENDEU"", ""Atendeu"", ""NAO_ATENDEU"", ""Não atendeu"", ""Em andamento"")), """"), ""&"", ""&amp;""), ""<"", ""&lt;""), "">"", ""&gt;"") & ""</div>"" & ""</div></div>"" & With({_n: CountRows(colCritAva), _sem: CountRows(Filter(colCritAva, IsBlank(Resposta))), _na: CountRows(Filter(colCritAva, Resposta = ""Não atendeu"" && IsBlank(Trim(Coalesce(Comentario, """"))))), _naj: CountRows(Filter(colCritAva, Resposta = ""N/A"" && IsBlank(Trim(Coalesce(Comentario, """"))))), _soNA: CountRows(Filter(colCritAva, Resposta = ""Atendeu"")) = 0 && CountRows(Filter(colCritAva, Resposta = ""Não atendeu"")) = 0, _par: Len(Trim(txtParecerAva.Text)), _com: CountRows(Filter(colCritAva, !IsBlank(Resposta) && IsBlank(Trim(Coalesce(Comentario, """")))))}, With({_k: If(_n = 0, 0, _sem > 0, 1, _na > 0, 2, _naj > 0, 3, _soNA, 4, _par < 30, 5, _com > 0, 6, 7)}, ""<div style='margin-top:3px;font-size:9pt;line-height:1.25;font-weight:600;white-space:nowrap;overflow:hidden;text-overflow:ellipsis;color:"" & Switch(_k, 6, ""#627083"", 7, ""#2E7D32"", ""#B54708"") & "";'>"" & Substitute(Substitute(Substitute(Coalesce(Text(Switch(_k, 0, ""Nenhum critério disponível para esta avaliação"", 1, If(_sem = 1, ""Falta 1 critério para responder"", ""Faltam "" & _sem & "" critérios para responder""), 2, If(_na = 1, ""Há 1 critério Não atendeu aguardando comentário"", ""Há "" & _na & "" critérios Não atendeu aguardando comentário""), 3, If(_naj = 1, ""Há 1 critério N/A sem justificativa"", ""Há "" & _naj & "" critérios N/A sem justificativa""), 4, ""Não é possível concluir com todos os critérios como N/A"", 5, ""Parecer técnico pendente · "" & _par & "" de 30 caracteres"", 6, If(_com = 1, ""1 comentário pendente"", _com & "" comentários pendentes""), ""Pronto para concluir"")), """"), ""&"", ""&amp;""), ""<"", ""&lt;""), "">"", ""&gt;"") & ""</div>"")) & ""</div>"""
scrAvaliacao;btnSalvarAva;existente;Y;GEOMETRIA;44;62
scrAvaliacao;btnSalvarAva;existente;Width;GEOMETRIA;(Parent.Width - 48) / 3;If(Parent.Width >= 470, (Parent.Width - 48) / 3, (Parent.Width - 40) / 2)
scrAvaliacao;btnCancAva;existente;Y;GEOMETRIA;44;62
scrAvaliacao;btnCancAva;existente;X;GEOMETRIA;24 + (Parent.Width - 48) / 3;If(Parent.Width >= 470, 24 + (Parent.Width - 48) / 3, 24 + (Parent.Width - 40) / 2)
scrAvaliacao;btnCancAva;existente;Width;GEOMETRIA;(Parent.Width - 48) / 3;If(Parent.Width >= 470, (Parent.Width - 48) / 3, (Parent.Width - 40) / 2)
scrAvaliacao;btnConcluirAva;existente;Y;GEOMETRIA;44;If(Parent.Width >= 470, 62, 100)
scrAvaliacao;btnConcluirAva;existente;X;GEOMETRIA;32 + 2 * (Parent.Width - 48) / 3;If(Parent.Width >= 470, 32 + 2 * (Parent.Width - 48) / 3, 16)
scrAvaliacao;btnConcluirAva;existente;Width;GEOMETRIA;(Parent.Width - 48) / 3;If(Parent.Width >= 470, (Parent.Width - 48) / 3, Parent.Width - 32)
scrAvaliacao;btnSalvarAva;existente;OnSelect;FUNCIONAL (autorizada);"If(
    IsBlank(locAv.Uid), Notify(""Avaliação não encontrada."", NotificationType.Error),
    locAv.Estado <> ""PREENCHIMENTO"" || locAv.Avaliador <> varUsuario.Codigo, Notify(""Somente o avaliador responsável pode salvar uma avaliação em preenchimento."", NotificationType.Error),
    UpdateContext({locProcAva: true});
    With({_json: JSON({pessoaNome: Coalesce(locAv.PessoaNomeSnap, LookUp(colPessoas, Codigo = locAv.Pessoa).Nome), cargo: Coalesce(locAv.CargoSnap, LookUp(colPessoas, Codigo = locAv.Pessoa).Cargo), grupo: Coalesce(locAv.GrupoSnap, LookUp(colPessoas, Codigo = locAv.Pessoa).Grupo), perfil: Coalesce(locAv.PerfilSnap, LookUp(colPessoas, Codigo = locAv.Pessoa).Perfil), metodo: locAv.MetodoSnap, versao: locAv.VersaoSnap, criterios: ForAll(colCritAva, {criterioId: Id, dimensao: Dimensao, descricao: Descricao, evidenciaEsperada: Evidencia, permiteNA: PermiteNA, condicaoNA: CondicaoNA, areas: Areas, fontes: Fontes, modo: Modo, resposta: Resposta, comentario: Comentario})}, JSONFormat.Compact)},
        IfError(
            Patch(SGC_Avaliacoes, LookUp(SGC_Avaliacoes, AvaliacaoUid = locAv.Uid), {CriteriosResultadoJson: _json, ParecerTecnico: Trim(txtParecerAva.Text), Observacoes: Trim(txtObsAva.Text)});
            Patch(colAvaliacoes, LookUp(colAvaliacoes, Uid = locAv.Uid), {CriteriosJson: _json, Parecer: Trim(txtParecerAva.Text), Observacoes: Trim(txtObsAva.Text)});
            UpdateContext({locAv: LookUp(colAvaliacoes, Uid = locAv.Uid), locProcAva: false});
            Notify(""Rascunho salvo com sucesso."", NotificationType.Success),
            UpdateContext({locProcAva: false}); Notify(""Não foi possível salvar o rascunho: "" & FirstError.Message, NotificationType.Error)
        )
    )
)";"If(
    IsBlank(locAv.Uid), Notify(""Avaliação não encontrada."", NotificationType.Error),
    locAv.Estado <> ""PREENCHIMENTO"" || locAv.Avaliador <> varUsuario.Codigo, Notify(""Somente o avaliador responsável pode salvar uma avaliação em preenchimento."", NotificationType.Error),
    UpdateContext({locProcAva: true});
    With({_json: JSON({pessoaNome: Coalesce(locAv.PessoaNomeSnap, LookUp(colPessoas, Codigo = locAv.Pessoa).Nome), cargo: Coalesce(locAv.CargoSnap, LookUp(colPessoas, Codigo = locAv.Pessoa).Cargo), grupo: Coalesce(locAv.GrupoSnap, LookUp(colPessoas, Codigo = locAv.Pessoa).Grupo), perfil: Coalesce(locAv.PerfilSnap, LookUp(colPessoas, Codigo = locAv.Pessoa).Perfil), metodo: locAv.MetodoSnap, versao: locAv.VersaoSnap, criterios: ForAll(colCritAva, {criterioId: Id, dimensao: Dimensao, descricao: Descricao, evidenciaEsperada: Evidencia, permiteNA: PermiteNA, condicaoNA: CondicaoNA, areas: Areas, fontes: Fontes, modo: Modo, resposta: Resposta, comentario: Comentario})}, JSONFormat.Compact)},
        IfError(
            Patch(SGC_Avaliacoes, LookUp(SGC_Avaliacoes, AvaliacaoUid = locAv.Uid), {CriteriosResultadoJson: _json, ParecerTecnico: Trim(txtParecerAva.Text), Observacoes: Trim(txtObsAva.Text)});
            Patch(colAvaliacoes, LookUp(colAvaliacoes, Uid = locAv.Uid), {CriteriosJson: _json, Parecer: Trim(txtParecerAva.Text), Observacoes: Trim(txtObsAva.Text)});
            UpdateContext({locAv: LookUp(colAvaliacoes, Uid = locAv.Uid), locProcAva: false});
            With({_comentPend: CountRows(Filter(colCritAva, !IsBlank(Resposta) && IsBlank(Trim(Coalesce(Comentario, """")))))}, If(_comentPend = 0, Notify(""Rascunho salvo com sucesso."", NotificationType.Success), Notify(""Rascunho salvo. Aguardando comentário em "" & _comentPend & If(_comentPend = 1, "" critério."", "" critérios.""), NotificationType.Warning))),
            UpdateContext({locProcAva: false}); Notify(""Não foi possível salvar o rascunho: "" & FirstError.Message, NotificationType.Error)
        )
    )
)"
scrHistoricoAvaliacoes;lblSubtituloHis;existente;HtmlText;TEXTO/CONTEÚDO;"""<div style=""""position:relative;box-sizing:border-box;width:100%;height:"" & Text(Max(Self.Height - 2, 0), ""0"", ""en-US"") & ""px;display:flex;align-items:center;min-width:0;min-height:0;line-height:1.15;overflow:hidden;font-family:Segoe UI,Arial,sans-serif;font-size:14px;color:rgba(98,112,131,1);font-weight:400;""""><span style=""""display:block;box-sizing:border-box;min-width:0;width:100%;text-align:left;white-space:nowrap;overflow:hidden;text-overflow:ellipsis;"""">"" & Substitute(Substitute(Substitute(Substitute(Coalesce(Text(""Trilha auditável. Eventos exibem o snapshot gravado, não dados atuais.""), """"), ""&"", ""&amp;""), ""<"", ""&lt;""), "">"", ""&gt;""), Char(10), ""<br/>"") & ""</span></div>""";"""<div style=""""position:relative;box-sizing:border-box;width:100%;height:"" & Text(Max(Self.Height - 2, 0), ""0"", ""en-US"") & ""px;display:flex;align-items:center;min-width:0;min-height:0;line-height:1.15;overflow:hidden;font-family:Segoe UI,Arial,sans-serif;font-size:14px;color:rgba(98,112,131,1);font-weight:400;""""><span style=""""display:block;box-sizing:border-box;min-width:0;width:100%;text-align:left;white-space:nowrap;overflow:hidden;text-overflow:ellipsis;"""">"" & Substitute(Substitute(Substitute(Substitute(Coalesce(Text(""Consulte e acompanhe as avaliações técnicas do laboratório.""), """"), ""&"", ""&amp;""), ""<"", ""&lt;""), "">"", ""&gt;""), Char(10), ""<br/>"") & ""</span></div>"""
scrHistoricoAvaliacoes;htmlFiltrosHis;existente;Y;GEOMETRIA;160;152
scrHistoricoAvaliacoes;htmlFiltrosHis;existente;Height;GEOMETRIA;160;136
scrHistoricoAvaliacoes;htmlPessoaRotHis;existente;HtmlText;TEXTO/CONTEÚDO;"""<div style=""""position:relative;box-sizing:border-box;width:100%;height:"" & Text(Max(Self.Height - 2, 0), ""0"", ""en-US"") & ""px;display:flex;align-items:center;min-width:0;min-height:0;line-height:1.15;overflow:hidden;font-family:Segoe UI,Arial,sans-serif;font-size:11pt;color:#0a1f49;font-weight:600;""""><span style=""""display:block;box-sizing:border-box;min-width:0;width:100%;text-align:left;white-space:normal;overflow:hidden;text-overflow:ellipsis;"""">"" & Substitute(Substitute(Substitute(Substitute(Coalesce(Text(""Pessoa""), """"), ""&"", ""&amp;""), ""<"", ""&lt;""), "">"", ""&gt;""), Char(10), ""<br/>"") & ""</span></div>""";"""<div style=""""position:relative;box-sizing:border-box;width:100%;height:"" & Text(Max(Self.Height - 2, 0), ""0"", ""en-US"") & ""px;display:flex;align-items:center;min-width:0;min-height:0;line-height:1.15;overflow:hidden;font-family:Segoe UI,Arial,sans-serif;font-size:9pt;color:#0a1f49;font-weight:600;""""><span style=""""display:block;box-sizing:border-box;min-width:0;width:100%;text-align:left;white-space:normal;overflow:hidden;text-overflow:ellipsis;"""">"" & Substitute(Substitute(Substitute(Substitute(Coalesce(Text(""Pessoa""), """"), ""&"", ""&amp;""), ""<"", ""&lt;""), "">"", ""&gt;""), Char(10), ""<br/>"") & ""</span></div>"""
scrHistoricoAvaliacoes;htmlPessoaRotHis;existente;Height;GEOMETRIA;20;18
scrHistoricoAvaliacoes;htmlModuloRotHis;existente;HtmlText;TEXTO/CONTEÚDO;"""<div style=""""position:relative;box-sizing:border-box;width:100%;height:"" & Text(Max(Self.Height - 2, 0), ""0"", ""en-US"") & ""px;display:flex;align-items:center;min-width:0;min-height:0;line-height:1.15;overflow:hidden;font-family:Segoe UI,Arial,sans-serif;font-size:11pt;color:#0a1f49;font-weight:600;""""><span style=""""display:block;box-sizing:border-box;min-width:0;width:100%;text-align:left;white-space:nowrap;overflow:hidden;text-overflow:ellipsis;"""">"" & Substitute(Substitute(Substitute(Substitute(Coalesce(Text(""Módulo (código ou nome)""), """"), ""&"", ""&amp;""), ""<"", ""&lt;""), "">"", ""&gt;""), Char(10), ""<br/>"") & ""</span></div>""";"""<div style=""""position:relative;box-sizing:border-box;width:100%;height:"" & Text(Max(Self.Height - 2, 0), ""0"", ""en-US"") & ""px;display:flex;align-items:center;min-width:0;min-height:0;line-height:1.15;overflow:hidden;font-family:Segoe UI,Arial,sans-serif;font-size:9pt;color:#0a1f49;font-weight:600;""""><span style=""""display:block;box-sizing:border-box;min-width:0;width:100%;text-align:left;white-space:nowrap;overflow:hidden;text-overflow:ellipsis;"""">"" & Substitute(Substitute(Substitute(Substitute(Coalesce(Text(""Módulo (código ou nome)""), """"), ""&"", ""&amp;""), ""<"", ""&lt;""), "">"", ""&gt;""), Char(10), ""<br/>"") & ""</span></div>"""
scrHistoricoAvaliacoes;htmlModuloRotHis;existente;Height;GEOMETRIA;20;18
scrHistoricoAvaliacoes;htmlPeriodoRotHis;existente;HtmlText;TEXTO/CONTEÚDO;"""<div style=""""position:relative;box-sizing:border-box;width:100%;height:"" & Text(Max(Self.Height - 2, 0), ""0"", ""en-US"") & ""px;display:flex;align-items:center;min-width:0;min-height:0;line-height:1.15;overflow:hidden;font-family:Segoe UI,Arial,sans-serif;font-size:11pt;color:#0a1f49;font-weight:600;""""><span style=""""display:block;box-sizing:border-box;min-width:0;width:100%;text-align:left;white-space:normal;overflow:hidden;text-overflow:ellipsis;"""">"" & Substitute(Substitute(Substitute(Substitute(Coalesce(Text(""Período""), """"), ""&"", ""&amp;""), ""<"", ""&lt;""), "">"", ""&gt;""), Char(10), ""<br/>"") & ""</span></div>""";"""<div style=""""position:relative;box-sizing:border-box;width:100%;height:"" & Text(Max(Self.Height - 2, 0), ""0"", ""en-US"") & ""px;display:flex;align-items:center;min-width:0;min-height:0;line-height:1.15;overflow:hidden;font-family:Segoe UI,Arial,sans-serif;font-size:9pt;color:#0a1f49;font-weight:600;""""><span style=""""display:block;box-sizing:border-box;min-width:0;width:100%;text-align:left;white-space:normal;overflow:hidden;text-overflow:ellipsis;"""">"" & Substitute(Substitute(Substitute(Substitute(Coalesce(Text(""Período""), """"), ""&"", ""&amp;""), ""<"", ""&lt;""), "">"", ""&gt;""), Char(10), ""<br/>"") & ""</span></div>"""
scrHistoricoAvaliacoes;htmlPeriodoRotHis;existente;Height;GEOMETRIA;20;18
scrHistoricoAvaliacoes;htmlAreaRotHis;existente;HtmlText;TEXTO/CONTEÚDO;"""<div style=""""position:relative;box-sizing:border-box;width:100%;height:"" & Text(Max(Self.Height - 2, 0), ""0"", ""en-US"") & ""px;display:flex;align-items:center;min-width:0;min-height:0;line-height:1.15;overflow:hidden;font-family:Segoe UI,Arial,sans-serif;font-size:11pt;color:#0a1f49;font-weight:600;""""><span style=""""display:block;box-sizing:border-box;min-width:0;width:100%;text-align:left;white-space:normal;overflow:hidden;text-overflow:ellipsis;"""">"" & Substitute(Substitute(Substitute(Substitute(Coalesce(Text(""Área""), """"), ""&"", ""&amp;""), ""<"", ""&lt;""), "">"", ""&gt;""), Char(10), ""<br/>"") & ""</span></div>""";"""<div style=""""position:relative;box-sizing:border-box;width:100%;height:"" & Text(Max(Self.Height - 2, 0), ""0"", ""en-US"") & ""px;display:flex;align-items:center;min-width:0;min-height:0;line-height:1.15;overflow:hidden;font-family:Segoe UI,Arial,sans-serif;font-size:9pt;color:#0a1f49;font-weight:600;""""><span style=""""display:block;box-sizing:border-box;min-width:0;width:100%;text-align:left;white-space:normal;overflow:hidden;text-overflow:ellipsis;"""">"" & Substitute(Substitute(Substitute(Substitute(Coalesce(Text(""Área""), """"), ""&"", ""&amp;""), ""<"", ""&lt;""), "">"", ""&gt;""), Char(10), ""<br/>"") & ""</span></div>"""
scrHistoricoAvaliacoes;htmlAreaRotHis;existente;Height;GEOMETRIA;20;18
scrHistoricoAvaliacoes;lblFTipoHis;existente;HtmlText;TEXTO/CONTEÚDO;"""<div style=""""position:relative;box-sizing:border-box;width:100%;height:"" & Text(Max(Self.Height - 2, 0), ""0"", ""en-US"") & ""px;display:flex;align-items:center;min-width:0;min-height:0;line-height:1.15;overflow:hidden;font-family:Segoe UI,Arial,sans-serif;font-size:11pt;color:#0a1f49;font-weight:600;""""><span style=""""display:block;box-sizing:border-box;min-width:0;width:100%;text-align:left;white-space:normal;overflow:hidden;text-overflow:ellipsis;"""">"" & Substitute(Substitute(Substitute(Substitute(Coalesce(Text(""Tipo""), """"), ""&"", ""&amp;""), ""<"", ""&lt;""), "">"", ""&gt;""), Char(10), ""<br/>"") & ""</span></div>""";"""<div style=""""position:relative;box-sizing:border-box;width:100%;height:"" & Text(Max(Self.Height - 2, 0), ""0"", ""en-US"") & ""px;display:flex;align-items:center;min-width:0;min-height:0;line-height:1.15;overflow:hidden;font-family:Segoe UI,Arial,sans-serif;font-size:9pt;color:#0a1f49;font-weight:600;""""><span style=""""display:block;box-sizing:border-box;min-width:0;width:100%;text-align:left;white-space:normal;overflow:hidden;text-overflow:ellipsis;"""">"" & Substitute(Substitute(Substitute(Substitute(Coalesce(Text(""Tipo""), """"), ""&"", ""&amp;""), ""<"", ""&lt;""), "">"", ""&gt;""), Char(10), ""<br/>"") & ""</span></div>"""
scrHistoricoAvaliacoes;lblFTipoHis;existente;Height;GEOMETRIA;20;18
scrHistoricoAvaliacoes;lblFEstadoHis;existente;HtmlText;TEXTO/CONTEÚDO;"""<div style=""""position:relative;box-sizing:border-box;width:100%;height:"" & Text(Max(Self.Height - 2, 0), ""0"", ""en-US"") & ""px;display:flex;align-items:center;min-width:0;min-height:0;line-height:1.15;overflow:hidden;font-family:Segoe UI,Arial,sans-serif;font-size:11pt;color:#0a1f49;font-weight:600;""""><span style=""""display:block;box-sizing:border-box;min-width:0;width:100%;text-align:left;white-space:normal;overflow:hidden;text-overflow:ellipsis;"""">"" & Substitute(Substitute(Substitute(Substitute(Coalesce(Text(""Estado""), """"), ""&"", ""&amp;""), ""<"", ""&lt;""), "">"", ""&gt;""), Char(10), ""<br/>"") & ""</span></div>""";"""<div style=""""position:relative;box-sizing:border-box;width:100%;height:"" & Text(Max(Self.Height - 2, 0), ""0"", ""en-US"") & ""px;display:flex;align-items:center;min-width:0;min-height:0;line-height:1.15;overflow:hidden;font-family:Segoe UI,Arial,sans-serif;font-size:9pt;color:#0a1f49;font-weight:600;""""><span style=""""display:block;box-sizing:border-box;min-width:0;width:100%;text-align:left;white-space:normal;overflow:hidden;text-overflow:ellipsis;"""">"" & Substitute(Substitute(Substitute(Substitute(Coalesce(Text(""Estado""), """"), ""&"", ""&amp;""), ""<"", ""&lt;""), "">"", ""&gt;""), Char(10), ""<br/>"") & ""</span></div>"""
scrHistoricoAvaliacoes;lblFEstadoHis;existente;Height;GEOMETRIA;20;18
scrHistoricoAvaliacoes;lblFResultadoHis;existente;HtmlText;TEXTO/CONTEÚDO;"""<div style=""""position:relative;box-sizing:border-box;width:100%;height:"" & Text(Max(Self.Height - 2, 0), ""0"", ""en-US"") & ""px;display:flex;align-items:center;min-width:0;min-height:0;line-height:1.15;overflow:hidden;font-family:Segoe UI,Arial,sans-serif;font-size:11pt;color:#0a1f49;font-weight:600;""""><span style=""""display:block;box-sizing:border-box;min-width:0;width:100%;text-align:left;white-space:normal;overflow:hidden;text-overflow:ellipsis;"""">"" & Substitute(Substitute(Substitute(Substitute(Coalesce(Text(""Resultado""), """"), ""&"", ""&amp;""), ""<"", ""&lt;""), "">"", ""&gt;""), Char(10), ""<br/>"") & ""</span></div>""";"""<div style=""""position:relative;box-sizing:border-box;width:100%;height:"" & Text(Max(Self.Height - 2, 0), ""0"", ""en-US"") & ""px;display:flex;align-items:center;min-width:0;min-height:0;line-height:1.15;overflow:hidden;font-family:Segoe UI,Arial,sans-serif;font-size:9pt;color:#0a1f49;font-weight:600;""""><span style=""""display:block;box-sizing:border-box;min-width:0;width:100%;text-align:left;white-space:normal;overflow:hidden;text-overflow:ellipsis;"""">"" & Substitute(Substitute(Substitute(Substitute(Coalesce(Text(""Resultado""), """"), ""&"", ""&amp;""), ""<"", ""&lt;""), "">"", ""&gt;""), Char(10), ""<br/>"") & ""</span></div>"""
scrHistoricoAvaliacoes;lblFResultadoHis;existente;Height;GEOMETRIA;20;18
scrHistoricoAvaliacoes;htmlPessoaRotHis;existente;Y;GEOMETRIA;175;164
scrHistoricoAvaliacoes;htmlModuloRotHis;existente;Y;GEOMETRIA;175;164
scrHistoricoAvaliacoes;htmlPeriodoRotHis;existente;Y;GEOMETRIA;175;164
scrHistoricoAvaliacoes;htmlAreaRotHis;existente;Y;GEOMETRIA;175;164
scrHistoricoAvaliacoes;lblFTipoHis;existente;Y;GEOMETRIA;252;226
scrHistoricoAvaliacoes;lblFEstadoHis;existente;Y;GEOMETRIA;252;226
scrHistoricoAvaliacoes;lblFResultadoHis;existente;Y;GEOMETRIA;252;226
scrHistoricoAvaliacoes;txtBuscaHis;existente;Y;GEOMETRIA;198;184
scrHistoricoAvaliacoes;txtBuscaHis;existente;Height;GEOMETRIA;35;34
scrHistoricoAvaliacoes;txtModHis;existente;Y;GEOMETRIA;198;184
scrHistoricoAvaliacoes;txtModHis;existente;Height;GEOMETRIA;35;34
scrHistoricoAvaliacoes;txtDeHis;existente;Y;GEOMETRIA;198;184
scrHistoricoAvaliacoes;txtDeHis;existente;Height;GEOMETRIA;35;34
scrHistoricoAvaliacoes;txtAteHis;existente;Y;GEOMETRIA;198;184
scrHistoricoAvaliacoes;txtAteHis;existente;Height;GEOMETRIA;35;34
scrHistoricoAvaliacoes;htmlAteRotHis;existente;Y;GEOMETRIA;198;184
scrHistoricoAvaliacoes;htmlAteRotHis;existente;Height;GEOMETRIA;35;34
scrHistoricoAvaliacoes;btnFAPE9His;existente;Y;GEOMETRIA;198;184
scrHistoricoAvaliacoes;btnFAPE9His;existente;Height;GEOMETRIA;35;34
scrHistoricoAvaliacoes;btnFAPP5His;existente;Y;GEOMETRIA;198;184
scrHistoricoAvaliacoes;btnFAPP5His;existente;Height;GEOMETRIA;35;34
scrHistoricoAvaliacoes;btnFAQ4His;existente;Y;GEOMETRIA;198;184
scrHistoricoAvaliacoes;btnFAQ4His;existente;Height;GEOMETRIA;35;34
scrHistoricoAvaliacoes;R3icoFiltrotxtBuscaHis;existente;Y;GEOMETRIA;208;192
scrHistoricoAvaliacoes;R3icoFiltrotxtModHis;existente;Y;GEOMETRIA;208;192
scrHistoricoAvaliacoes;R3icoFiltrotxtDeHis;existente;Y;GEOMETRIA;208;192
scrHistoricoAvaliacoes;R3icoFiltrotxtAteHis;existente;Y;GEOMETRIA;208;192
scrHistoricoAvaliacoes;btnTodosTiposHis;existente;Y;GEOMETRIA;275;246
scrHistoricoAvaliacoes;btnTodosTiposHis;existente;Height;GEOMETRIA;31;30
scrHistoricoAvaliacoes;btnFTipoQualificacaoHis;existente;Y;GEOMETRIA;275;246
scrHistoricoAvaliacoes;btnFTipoQualificacaoHis;existente;Height;GEOMETRIA;31;30
scrHistoricoAvaliacoes;btnFTipoRequalificacaoHis;existente;Y;GEOMETRIA;275;246
scrHistoricoAvaliacoes;btnFTipoRequalificacaoHis;existente;Height;GEOMETRIA;31;30
scrHistoricoAvaliacoes;btnFTipoExtraordinariaHis;existente;Y;GEOMETRIA;275;246
scrHistoricoAvaliacoes;btnFTipoExtraordinariaHis;existente;Height;GEOMETRIA;31;30
scrHistoricoAvaliacoes;btnTodosEstadosHis;existente;Y;GEOMETRIA;275;246
scrHistoricoAvaliacoes;btnTodosEstadosHis;existente;Height;GEOMETRIA;31;30
scrHistoricoAvaliacoes;btnFEstadoPreenchimentoHis;existente;Y;GEOMETRIA;275;246
scrHistoricoAvaliacoes;btnFEstadoPreenchimentoHis;existente;Height;GEOMETRIA;31;30
scrHistoricoAvaliacoes;btnFEstadoConcluidaHis;existente;Y;GEOMETRIA;275;246
scrHistoricoAvaliacoes;btnFEstadoConcluidaHis;existente;Height;GEOMETRIA;31;30
scrHistoricoAvaliacoes;btnFEstadoCanceladaHis;existente;Y;GEOMETRIA;275;246
scrHistoricoAvaliacoes;btnFEstadoCanceladaHis;existente;Height;GEOMETRIA;31;30
scrHistoricoAvaliacoes;btnTodosResultadosHis;existente;Y;GEOMETRIA;275;246
scrHistoricoAvaliacoes;btnTodosResultadosHis;existente;Height;GEOMETRIA;31;30
scrHistoricoAvaliacoes;btnFResultadoAtendeuHis;existente;Y;GEOMETRIA;275;246
scrHistoricoAvaliacoes;btnFResultadoAtendeuHis;existente;Height;GEOMETRIA;31;30
scrHistoricoAvaliacoes;btnFResultadoNaoAtendeuHis;existente;Y;GEOMETRIA;275;246
scrHistoricoAvaliacoes;btnFResultadoNaoAtendeuHis;existente;Height;GEOMETRIA;31;30
scrHistoricoAvaliacoes;btnFResultadoSemHis;existente;Y;GEOMETRIA;275;246
scrHistoricoAvaliacoes;btnFResultadoSemHis;existente;Height;GEOMETRIA;31;30
scrHistoricoAvaliacoes;conTabHis;existente;Y;GEOMETRIA;336;300
scrHistoricoAvaliacoes;conTabHis;existente;Height;GEOMETRIA;Parent.Height - 354;Parent.Height - 318
scrHistoricoAvaliacoes;htmlTabelaTituloHis;existente;HtmlText;TEXTO/CONTEÚDO;"""<div style=""""position:relative;box-sizing:border-box;width:100%;height:"" & Text(Max(Self.Height - 2, 0), ""0"", ""en-US"") & ""px;display:flex;align-items:center;min-width:0;min-height:0;line-height:1.15;overflow:hidden;font-family:Segoe UI,Arial,sans-serif;font-size:15pt;color:#0a1f49;font-weight:700;""""><span style=""""display:block;box-sizing:border-box;min-width:0;width:100%;text-align:left;white-space:normal;overflow:hidden;text-overflow:ellipsis;"""">"" & Substitute(Substitute(Substitute(Substitute(Coalesce(Text(""Avaliações realizadas""), """"), ""&"", ""&amp;""), ""<"", ""&lt;""), "">"", ""&gt;""), Char(10), ""<br/>"") & ""</span></div>""";"""<div style=""""position:relative;box-sizing:border-box;width:100%;height:"" & Text(Max(Self.Height - 2, 0), ""0"", ""en-US"") & ""px;display:flex;align-items:center;min-width:0;min-height:0;line-height:1.15;overflow:hidden;font-family:Segoe UI,Arial,sans-serif;font-size:15pt;color:#0a1f49;font-weight:700;""""><span style=""""display:block;box-sizing:border-box;min-width:0;width:100%;text-align:left;white-space:normal;overflow:hidden;text-overflow:ellipsis;"""">"" & Substitute(Substitute(Substitute(Substitute(Coalesce(Text(""Registros de avaliação""), """"), ""&"", ""&amp;""), ""<"", ""&lt;""), "">"", ""&gt;""), Char(10), ""<br/>"") & ""</span></div>"""
scrHistoricoAvaliacoes;lblH1His;existente;Width;GEOMETRIA;Parent.Width * 0.12;Parent.Width * 0.16
scrHistoricoAvaliacoes;lblH2His;existente;X;GEOMETRIA;Parent.Width * 0.145;Parent.Width * 0.18
scrHistoricoAvaliacoes;lblH2His;existente;Width;GEOMETRIA;Parent.Width * 0.13;Parent.Width * 0.17
scrHistoricoAvaliacoes;lblH3His;existente;X;GEOMETRIA;Parent.Width * 0.285;Parent.Width * 0.355
scrHistoricoAvaliacoes;lblH3His;existente;Width;GEOMETRIA;Parent.Width * 0.055;Parent.Width * 0.04
scrHistoricoAvaliacoes;lblH4His;existente;X;GEOMETRIA;Parent.Width * 0.345;Parent.Width * 0.40
scrHistoricoAvaliacoes;lblH5His;existente;X;GEOMETRIA;Parent.Width * 0.45;Parent.Width * 0.50
scrHistoricoAvaliacoes;lblH5His;existente;Width;GEOMETRIA;Parent.Width * 0.12;Parent.Width * 0.10
scrHistoricoAvaliacoes;lblH6His;existente;X;GEOMETRIA;Parent.Width * 0.58;Parent.Width * 0.605
scrHistoricoAvaliacoes;lblH6His;existente;Width;GEOMETRIA;Parent.Width * 0.10;Parent.Width * 0.075
scrHistoricoAvaliacoes;lblH7His;existente;X;GEOMETRIA;Parent.Width * 0.69;Parent.Width * 0.685
scrHistoricoAvaliacoes;lblH7His;existente;Width;GEOMETRIA;Parent.Width * 0.125;Parent.Width * 0.12
scrHistoricoAvaliacoes;lblH8His;existente;X;GEOMETRIA;Parent.Width * 0.825;Parent.Width * 0.81
scrHistoricoAvaliacoes;lblH8His;existente;Width;GEOMETRIA;Parent.Width * 0.10;Parent.Width * 0.08
scrHistoricoAvaliacoes;R3htmlColAcaoHis;existente;X;GEOMETRIA;Parent.Width - 70;Parent.Width - 102
scrHistoricoAvaliacoes;R3htmlColAcaoHis;existente;Width;GEOMETRIA;56;92
scrHistoricoAvaliacoes;R3htmlColAcaoHis;existente;HtmlText;TEXTO/CONTEÚDO;"""<div style=""""position:relative;box-sizing:border-box;width:100%;height:"" & Text(Max(Self.Height - 2, 0), ""0"", ""en-US"") & ""px;display:flex;align-items:center;overflow:hidden;line-height:1.12;font-family:Segoe UI,Arial,sans-serif;font-size:9pt;font-weight:600;color:#405986;""""><span style=""""display:block;width:100%;min-width:0;text-align:center;white-space:nowrap;overflow:hidden;text-overflow:ellipsis;"""">"" & Substitute(Substitute(Substitute(Coalesce(Text(""AÇÕES""),""""),""&"",""&amp;""),""<"",""&lt;""),"">"",""&gt;"") & ""</span></div>""";"""<div style=""""position:relative;box-sizing:border-box;width:100%;height:"" & Text(Max(Self.Height - 2, 0), ""0"", ""en-US"") & ""px;display:flex;align-items:center;overflow:hidden;line-height:1.12;font-family:Segoe UI,Arial,sans-serif;font-size:9pt;font-weight:600;color:#405986;""""><span style=""""display:block;width:100%;min-width:0;text-align:center;white-space:nowrap;overflow:hidden;text-overflow:ellipsis;"""">"" & Substitute(Substitute(Substitute(Coalesce(Text(""AÇÃO""),""""),""&"",""&amp;""),""<"",""&lt;""),"">"",""&gt;"") & ""</span></div>"""
scrHistoricoAvaliacoes;galHis;existente;TemplateSize;GEOMETRIA;38;44
scrHistoricoAvaliacoes;lblNomeHis;existente;Width;GEOMETRIA;Parent.TemplateWidth * 0.12;Parent.TemplateWidth * 0.16
scrHistoricoAvaliacoes;lblNomeHis;existente;Y;GEOMETRIA;4;5
scrHistoricoAvaliacoes;lblNomeHis;existente;Height;GEOMETRIA;16;18
scrHistoricoAvaliacoes;lblNomeHis;existente;Tooltip;TEXTO/CONTEÚDO;"""""";ThisItem.Nome
scrHistoricoAvaliacoes;lblUidHis;existente;Width;GEOMETRIA;Parent.TemplateWidth * 0.12;Parent.TemplateWidth * 0.16
scrHistoricoAvaliacoes;lblUidHis;existente;Y;GEOMETRIA;19;23
scrHistoricoAvaliacoes;lblUidHis;existente;Height;GEOMETRIA;14;16
scrHistoricoAvaliacoes;lblUidHis;existente;HtmlText;TEXTO/CONTEÚDO;"""<div style=""""position:relative;box-sizing:border-box;width:100%;height:"" & Text(Max(Self.Height - 2, 0), ""0"", ""en-US"") & ""px;display:flex;align-items:center;min-width:0;min-height:0;line-height:1.15;overflow:hidden;font-family:Segoe UI,Arial,sans-serif;font-size:9.0pt;color:rgba(98,112,131,1);font-weight:400;""""><span style=""""display:block;box-sizing:border-box;min-width:0;width:100%;text-align:left;white-space:nowrap;overflow:hidden;text-overflow:ellipsis;"""">"" & Substitute(Substitute(Substitute(Substitute(Coalesce(Text(ThisItem.Uid), """"), ""&"", ""&amp;""), ""<"", ""&lt;""), "">"", ""&gt;""), Char(10), ""<br/>"") & ""</span></div>""";"""<div style='box-sizing:border-box;width:100%;height:"" & Text(Max(Self.Height - 2, 0), ""0"", ""en-US"") & ""px;overflow:hidden;font-family:Segoe UI,Arial,sans-serif;display:flex;align-items:center;'>"" & ""<div style='font-size:8.5pt;line-height:1.2;color:#6B7A8D;font-weight:400;white-space:nowrap;overflow:hidden;text-overflow:ellipsis;'>"" & Substitute(Substitute(Substitute(Coalesce(Text(With({_v: LookUp(colAvaliacoes, Uid = ThisItem.Uid), _p: LookUp(colPessoas, Codigo = ThisItem.Pessoa)}, With({_c: Trim(Coalesce(_v.CargoSnap, _p.Cargo)), _g: Trim(Coalesce(_v.GrupoSnap, _p.Grupo))}, _c & If(IsBlank(_g), """", If(IsBlank(_c), """", "" · "") & ""Grupo "" & _g)))), """"), ""&"", ""&amp;""), ""<"", ""&lt;""), "">"", ""&gt;"") & ""</div>"" & ""</div>"""
scrHistoricoAvaliacoes;lblModHis;existente;X;GEOMETRIA;Parent.TemplateWidth * 0.145;Parent.TemplateWidth * 0.18
scrHistoricoAvaliacoes;lblModHis;existente;Width;GEOMETRIA;Parent.TemplateWidth * 0.13;Parent.TemplateWidth * 0.17
scrHistoricoAvaliacoes;lblModHis;existente;Y;GEOMETRIA;4;0
scrHistoricoAvaliacoes;lblModHis;existente;Height;GEOMETRIA;16;Parent.TemplateHeight
scrHistoricoAvaliacoes;lblModHis;existente;Tooltip;TEXTO/CONTEÚDO;"""""";"ThisItem.ModuloNome & If(IsBlank(ThisItem.Modulo), """", "" · "" & If(StartsWith(Upper(ThisItem.Modulo), ""M""), ""Módulo "" & Mid(ThisItem.Modulo, 2), ThisItem.Modulo))"
scrHistoricoAvaliacoes;lblModHis;existente;HtmlText;TEXTO/CONTEÚDO;"""<div style=""""position:relative;box-sizing:border-box;width:100%;height:"" & Text(Max(Self.Height - 2, 0), ""0"", ""en-US"") & ""px;display:flex;align-items:center;min-width:0;min-height:0;line-height:1.15;overflow:hidden;font-family:Segoe UI,Arial,sans-serif;font-size:10pt;color:#0a1f49;font-weight:600;""""><span style=""""display:block;box-sizing:border-box;min-width:0;width:100%;text-align:left;white-space:nowrap;overflow:hidden;text-overflow:ellipsis;"""">"" & Substitute(Substitute(Substitute(Substitute(Coalesce(Text(ThisItem.ModuloNome), """"), ""&"", ""&amp;""), ""<"", ""&lt;""), "">"", ""&gt;""), Char(10), ""<br/>"") & ""</span></div>""";"""<div style='box-sizing:border-box;width:100%;height:"" & Text(Max(Self.Height - 2, 0), ""0"", ""en-US"") & ""px;overflow:hidden;font-family:Segoe UI,Arial,sans-serif;display:flex;align-items:center;'>"" & ""<div style='font-size:10pt;line-height:1.25;color:#0a1f49;font-weight:600;white-space:normal;overflow:hidden;max-height:2.5em;display:-webkit-box;-webkit-line-clamp:2;-webkit-box-orient:vertical;'>"" & Substitute(Substitute(Substitute(Coalesce(Text(With({_m: Trim(Coalesce(ThisItem.ModuloNome, """"))}, If(!IsBlank(_m) && _m = Upper(_m) && _m <> Lower(_m) && !IsMatch(_m, "".*\d.*"") && CountRows(Filter(Split(_m, "" ""), Len(Value) > 0 && Len(Value) <= 3 && !(Lower(Value) in [""e"", ""de"", ""da"", ""do"", ""das"", ""dos"", ""em"", ""a"", ""o"", ""com"", ""por"", ""na"", ""no"", ""para""]))) = 0, With({_r: Concat(Split(Lower(_m), "" "") As _w, If(_w.Value in [""e"", ""de"", ""da"", ""do"", ""das"", ""dos"", ""em"", ""a"", ""o"", ""com"", ""por"", ""na"", ""no"", ""para""], _w.Value, Proper(_w.Value)), "" "")}, Upper(Left(_r, 1)) & Mid(_r, 2)), _m))), """"), ""&"", ""&amp;""), ""<"", ""&lt;""), "">"", ""&gt;"") & ""</div>"" & ""</div>"""
scrHistoricoAvaliacoes;lblModCodHis;existente;Visible;VISUAL;true;false
scrHistoricoAvaliacoes;lblAreaHis;existente;X;GEOMETRIA;Parent.TemplateWidth * 0.285;Parent.TemplateWidth * 0.355
scrHistoricoAvaliacoes;lblAreaHis;existente;Width;GEOMETRIA;Parent.TemplateWidth * 0.055;Parent.TemplateWidth * 0.04
scrHistoricoAvaliacoes;lblAreaHis;existente;Height;GEOMETRIA;38;Parent.TemplateHeight
scrHistoricoAvaliacoes;lblAreaHis;existente;HtmlText;TEXTO/CONTEÚDO;"""<div style=""""position:relative;box-sizing:border-box;width:100%;height:"" & Text(Max(Self.Height - 2, 0), ""0"", ""en-US"") & ""px;display:flex;align-items:center;min-width:0;min-height:0;line-height:1.15;overflow:hidden;font-family:Segoe UI,Arial,sans-serif;font-size:10pt;color:rgba(32,42,53,1);font-weight:700;""""><span style=""""display:block;box-sizing:border-box;min-width:0;width:100%;text-align:left;white-space:normal;overflow:hidden;text-overflow:ellipsis;"""">"" & Substitute(Substitute(Substitute(Substitute(Coalesce(Text(ThisItem.Area), """"), ""&"", ""&amp;""), ""<"", ""&lt;""), "">"", ""&gt;""), Char(10), ""<br/>"") & ""</span></div>""";"""<div style=""""position:relative;box-sizing:border-box;width:100%;height:"" & Text(Max(Self.Height - 2, 0), ""0"", ""en-US"") & ""px;display:flex;align-items:center;min-width:0;min-height:0;line-height:1.15;overflow:hidden;font-family:Segoe UI,Arial,sans-serif;font-size:10pt;color:rgba(32,42,53,1);font-weight:600;""""><span style=""""display:block;box-sizing:border-box;min-width:0;width:100%;text-align:left;white-space:normal;overflow:hidden;text-overflow:ellipsis;"""">"" & Substitute(Substitute(Substitute(Substitute(Coalesce(Text(ThisItem.Area), """"), ""&"", ""&amp;""), ""<"", ""&lt;""), "">"", ""&gt;""), Char(10), ""<br/>"") & ""</span></div>"""
scrHistoricoAvaliacoes;lblTipoHis;existente;X;GEOMETRIA;Parent.TemplateWidth * 0.345;Parent.TemplateWidth * 0.40
scrHistoricoAvaliacoes;lblTipoHis;existente;Height;GEOMETRIA;38;Parent.TemplateHeight
scrHistoricoAvaliacoes;bdgEstHis;existente;X;GEOMETRIA;Parent.TemplateWidth * 0.45;Parent.TemplateWidth * 0.50
scrHistoricoAvaliacoes;bdgEstHis;existente;Width;GEOMETRIA;Parent.TemplateWidth * 0.12;Parent.TemplateWidth * 0.10
scrHistoricoAvaliacoes;bdgEstHis;existente;Y;GEOMETRIA;8;(Parent.TemplateHeight - 22) / 2
scrHistoricoAvaliacoes;bdgResHis;existente;X;GEOMETRIA;Parent.TemplateWidth * 0.58;Parent.TemplateWidth * 0.605
scrHistoricoAvaliacoes;bdgResHis;existente;Width;GEOMETRIA;Parent.TemplateWidth * 0.10;Parent.TemplateWidth * 0.075
scrHistoricoAvaliacoes;bdgResHis;existente;Y;GEOMETRIA;8;(Parent.TemplateHeight - 22) / 2
scrHistoricoAvaliacoes;lblAvHis;existente;X;GEOMETRIA;Parent.TemplateWidth * 0.69;Parent.TemplateWidth * 0.685
scrHistoricoAvaliacoes;lblAvHis;existente;Width;GEOMETRIA;Parent.TemplateWidth * 0.125;Parent.TemplateWidth * 0.12
scrHistoricoAvaliacoes;lblAvHis;existente;Height;GEOMETRIA;38;Parent.TemplateHeight
scrHistoricoAvaliacoes;lblAvHis;existente;Tooltip;TEXTO/CONTEÚDO;"""""";ThisItem.AvaliadorNome
scrHistoricoAvaliacoes;lblDataHis;existente;X;GEOMETRIA;Parent.TemplateWidth * 0.825;Parent.TemplateWidth * 0.81
scrHistoricoAvaliacoes;lblDataHis;existente;Width;GEOMETRIA;Parent.TemplateWidth * 0.10;Parent.TemplateWidth * 0.08
scrHistoricoAvaliacoes;lblDataHis;existente;Height;GEOMETRIA;38;Parent.TemplateHeight
scrHistoricoAvaliacoes;lblDataHis;existente;Tooltip;TEXTO/CONTEÚDO;"""""";"Switch(ThisItem.Estado, ""PREENCHIMENTO"", ""Início da avaliação: "" & Text(ThisItem.Inicio, ""dd/mm/yyyy""), ""CONCLUIDA"", If(IsBlank(ThisItem.Conclusao), ""Início da avaliação: "" & Text(ThisItem.Inicio, ""dd/mm/yyyy""), ""Concluída em "" & Text(ThisItem.Conclusao, ""dd/mm/yyyy"")), ""CANCELADA"", If(IsBlank(ThisItem.Conclusao), ""Início da avaliação: "" & Text(ThisItem.Inicio, ""dd/mm/yyyy""), ""Cancelada em "" & Text(ThisItem.Conclusao, ""dd/mm/yyyy"")), If(IsBlank(ThisItem.Conclusao), ""Início da avaliação: "" & Text(ThisItem.Inicio, ""dd/mm/yyyy""), ""Concluída em "" & Text(ThisItem.Conclusao, ""dd/mm/yyyy"")))"
scrHistoricoAvaliacoes;lblDataHis;existente;HtmlText;TEXTO/CONTEÚDO;"""<div style=""""position:relative;box-sizing:border-box;width:100%;height:"" & Text(Max(Self.Height - 2, 0), ""0"", ""en-US"") & ""px;display:flex;align-items:center;min-width:0;min-height:0;line-height:1.15;overflow:hidden;font-family:Segoe UI,Arial,sans-serif;font-size:10.0pt;color:inherit;font-weight:400;""""><span style=""""display:block;box-sizing:border-box;min-width:0;width:100%;text-align:left;white-space:normal;overflow:hidden;text-overflow:ellipsis;"""">"" & Substitute(Substitute(Substitute(Substitute(Coalesce(Text(If(IsBlank(ThisItem.Conclusao), ""Início "" & Text(ThisItem.Inicio, ""dd/mm/yyyy""), Text(ThisItem.Conclusao, ""dd/mm/yyyy""))), """"), ""&"", ""&amp;""), ""<"", ""&lt;""), "">"", ""&gt;""), Char(10), ""<br/>"") & ""</span></div>""";"""<div style=""""position:relative;box-sizing:border-box;width:100%;height:"" & Text(Max(Self.Height - 2, 0), ""0"", ""en-US"") & ""px;display:flex;align-items:center;min-width:0;min-height:0;line-height:1.15;overflow:hidden;font-family:Segoe UI,Arial,sans-serif;font-size:10.0pt;color:inherit;font-weight:400;""""><span style=""""display:block;box-sizing:border-box;min-width:0;width:100%;text-align:left;white-space:normal;overflow:hidden;text-overflow:ellipsis;"""">"" & Substitute(Substitute(Substitute(Substitute(Coalesce(Text(If(ThisItem.Estado = ""PREENCHIMENTO"" || IsBlank(ThisItem.Conclusao), ""Desde "" & Text(ThisItem.Inicio, ""dd/mm/yyyy""), Text(ThisItem.Conclusao, ""dd/mm/yyyy""))), """"), ""&"", ""&amp;""), ""<"", ""&lt;""), "">"", ""&gt;""), Char(10), ""<br/>"") & ""</span></div>"""
scrHistoricoAvaliacoes;btnRowHis;existente;Tooltip;TEXTO/CONTEÚDO;"""Abrir histórico da avaliação "" & ThisItem.Uid";"""Ver detalhes da avaliação de "" & ThisItem.Nome"
scrHistoricoAvaliacoes;R3btnAbrirEventoHis;existente;Text;TEXTO/CONTEÚDO;"""Abrir""";"""Ver detalhes"""
scrHistoricoAvaliacoes;R3btnAbrirEventoHis;existente;Width;GEOMETRIA;56;92
scrHistoricoAvaliacoes;R3btnAbrirEventoHis;existente;X;GEOMETRIA;Parent.TemplateWidth - 70;Parent.TemplateWidth - 102
scrHistoricoAvaliacoes;R3btnAbrirEventoHis;existente;Y;GEOMETRIA;5;(Parent.TemplateHeight - 28) / 2
scrHistoricoAvaliacoes;R3btnAbrirEventoHis;existente;Tooltip;TEXTO/CONTEÚDO;"""Abrir evento de avaliação""";"""Ver detalhes da avaliação"""
scrHistoricoAvaliacoes;htmlExibindoHis;existente;HtmlText;TEXTO/CONTEÚDO;"""<div style=""""position:relative;box-sizing:border-box;width:100%;height:"" & Text(Max(Self.Height - 2, 0), ""0"", ""en-US"") & ""px;display:flex;align-items:center;overflow:hidden;line-height:1.12;font-family:Segoe UI,Arial,sans-serif;font-size:10pt;font-weight:400;color:#57719b;""""><span style=""""display:block;width:100%;min-width:0;text-align:right;white-space:nowrap;overflow:hidden;text-overflow:ellipsis;"""">"" & Substitute(Substitute(Substitute(Coalesce(Text(CountRows((With(
    {
        _b: Lower(Trim(txtBuscaHis.Text)),
        _m: Lower(Trim(txtModHis.Text)),
        _de: IfError(DateValue(txtDeHis.Text, ""pt-BR""), Blank()),
        _ate: IfError(DateValue(txtAteHis.Text, ""pt-BR""), Blank())
    },
    Sort(
        Filter(
            ForAll(
                Filter(colAvaliacoes As v, (varPodeGestao || v.Pessoa = varUsuario.Codigo || v.Avaliador = varUsuario.Codigo)) As v2,
                {
                    Uid: v2.Uid, Ciclo: v2.Ciclo, Pessoa: v2.Pessoa, Nome: Coalesce(v2.PessoaNomeSnap, LookUp(colPessoas, Codigo = v2.Pessoa).Nome),
                    Modulo: v2.Modulo, ModuloNome: v2.ModuloNome, Area: v2.Area, Tipo: v2.Tipo, Estado: v2.Estado, Resultado: v2.Resultado,
                    AvaliadorNome: v2.AvaliadorNome, Inicio: v2.Inicio, Conclusao: v2.Conclusao, Data: Coalesce(v2.Conclusao, v2.Inicio)
                }
            ),
            (IsBlank(_b) || _b in Lower(Nome) || _b in Lower(Pessoa)) &&
            (IsBlank(_m) || _m in Lower(Modulo) || _m in Lower(ModuloNome)) &&
            (IsBlank(locFArea) || Area = locFArea) &&
            (IsBlank(locFTipo) || Tipo = locFTipo) &&
            (IsBlank(locFEst) || Estado = locFEst) &&
            (IsBlank(locFRes) || If(locFRes = ""SEM"", IsBlank(Resultado), Resultado = locFRes)) &&
            (IsBlank(_de) || Data >= _de) &&
            (IsBlank(_ate) || Data < DateAdd(_ate, 1, TimeUnit.Days))
        ),
        Data,
        SortOrder.Descending
    )
))) & "" registro(s) encontrado(s)""),""""),""&"",""&amp;""),""<"",""&lt;""),"">"",""&gt;"") & ""</span></div>""";"""<div style=""""position:relative;box-sizing:border-box;width:100%;height:"" & Text(Max(Self.Height - 2, 0), ""0"", ""en-US"") & ""px;display:flex;align-items:center;overflow:hidden;line-height:1.12;font-family:Segoe UI,Arial,sans-serif;font-size:10pt;font-weight:400;color:#57719b;""""><span style=""""display:block;width:100%;min-width:0;text-align:right;white-space:nowrap;overflow:hidden;text-overflow:ellipsis;"""">"" & Substitute(Substitute(Substitute(Coalesce(Text(With({_q: CountRows((With(
    {
        _b: Lower(Trim(txtBuscaHis.Text)),
        _m: Lower(Trim(txtModHis.Text)),
        _de: IfError(DateValue(txtDeHis.Text, ""pt-BR""), Blank()),
        _ate: IfError(DateValue(txtAteHis.Text, ""pt-BR""), Blank())
    },
    Sort(
        Filter(
            ForAll(
                Filter(colAvaliacoes As v, (varPodeGestao || v.Pessoa = varUsuario.Codigo || v.Avaliador = varUsuario.Codigo)) As v2,
                {
                    Uid: v2.Uid, Ciclo: v2.Ciclo, Pessoa: v2.Pessoa, Nome: Coalesce(v2.PessoaNomeSnap, LookUp(colPessoas, Codigo = v2.Pessoa).Nome),
                    Modulo: v2.Modulo, ModuloNome: v2.ModuloNome, Area: v2.Area, Tipo: v2.Tipo, Estado: v2.Estado, Resultado: v2.Resultado,
                    AvaliadorNome: v2.AvaliadorNome, Inicio: v2.Inicio, Conclusao: v2.Conclusao, Data: Coalesce(v2.Conclusao, v2.Inicio)
                }
            ),
            (IsBlank(_b) || _b in Lower(Nome) || _b in Lower(Pessoa)) &&
            (IsBlank(_m) || _m in Lower(Modulo) || _m in Lower(ModuloNome)) &&
            (IsBlank(locFArea) || Area = locFArea) &&
            (IsBlank(locFTipo) || Tipo = locFTipo) &&
            (IsBlank(locFEst) || Estado = locFEst) &&
            (IsBlank(locFRes) || If(locFRes = ""SEM"", IsBlank(Resultado), Resultado = locFRes)) &&
            (IsBlank(_de) || Data >= _de) &&
            (IsBlank(_ate) || Data < DateAdd(_ate, 1, TimeUnit.Days))
        ),
        Data,
        SortOrder.Descending
    )
)))}, If(_q = 1, ""1 registro encontrado"", _q & "" registros encontrados""))),""""),""&"",""&amp;""),""<"",""&lt;""),"">"",""&gt;"") & ""</span></div>"""
scrHistoricoAvaliacoes;lblRodTabHis;existente;HtmlText;TEXTO/CONTEÚDO;"""<div style=""""position:relative;box-sizing:border-box;width:100%;height:"" & Text(Max(Self.Height - 2, 0), ""0"", ""en-US"") & ""px;display:flex;align-items:center;min-width:0;min-height:0;line-height:1.15;overflow:hidden;font-family:Segoe UI,Arial,sans-serif;font-size:11pt;color:rgba(98,112,131,1);font-weight:400;""""><span style=""""display:block;box-sizing:border-box;min-width:0;width:100%;text-align:left;white-space:normal;overflow:hidden;text-overflow:ellipsis;"""">"" & Substitute(Substitute(Substitute(Substitute(Coalesce(Text(CountRows((With(
    {
        _b: Lower(Trim(txtBuscaHis.Text)),
        _m: Lower(Trim(txtModHis.Text)),
        _de: IfError(DateValue(txtDeHis.Text, ""pt-BR""), Blank()),
        _ate: IfError(DateValue(txtAteHis.Text, ""pt-BR""), Blank())
    },
    Sort(
        Filter(
            ForAll(
                Filter(colAvaliacoes As v, (varPodeGestao || v.Pessoa = varUsuario.Codigo || v.Avaliador = varUsuario.Codigo)) As v2,
                {
                    Uid: v2.Uid, Ciclo: v2.Ciclo, Pessoa: v2.Pessoa, Nome: Coalesce(v2.PessoaNomeSnap, LookUp(colPessoas, Codigo = v2.Pessoa).Nome),
                    Modulo: v2.Modulo, ModuloNome: v2.ModuloNome, Area: v2.Area, Tipo: v2.Tipo, Estado: v2.Estado, Resultado: v2.Resultado,
                    AvaliadorNome: v2.AvaliadorNome, Inicio: v2.Inicio, Conclusao: v2.Conclusao, Data: Coalesce(v2.Conclusao, v2.Inicio)
                }
            ),
            (IsBlank(_b) || _b in Lower(Nome) || _b in Lower(Pessoa)) &&
            (IsBlank(_m) || _m in Lower(Modulo) || _m in Lower(ModuloNome)) &&
            (IsBlank(locFArea) || Area = locFArea) &&
            (IsBlank(locFTipo) || Tipo = locFTipo) &&
            (IsBlank(locFEst) || Estado = locFEst) &&
            (IsBlank(locFRes) || If(locFRes = ""SEM"", IsBlank(Resultado), Resultado = locFRes)) &&
            (IsBlank(_de) || Data >= _de) &&
            (IsBlank(_ate) || Data < DateAdd(_ate, 1, TimeUnit.Days))
        ),
        Data,
        SortOrder.Descending
    )
))) & "" evento(s) · "" & If(varPodeGestao, ""todas as avaliações do laboratório"", ""avaliações em que você é avaliado ou avaliador"")), """"), ""&"", ""&amp;""), ""<"", ""&lt;""), "">"", ""&gt;""), Char(10), ""<br/>"") & ""</span></div>""";"""<div style='box-sizing:border-box;width:100%;height:"" & Text(Max(Self.Height - 2, 0), ""0"", ""en-US"") & ""px;overflow:hidden;font-family:Segoe UI,Arial,sans-serif;display:flex;align-items:center;'>"" & ""<div style='font-size:10pt;line-height:1.25;color:#627083;font-weight:400;white-space:nowrap;overflow:hidden;text-overflow:ellipsis;'>"" & Substitute(Substitute(Substitute(Coalesce(Text(If(varPodeGestao, ""Exibindo todas as avaliações do laboratório"", ""Exibindo as avaliações em que você é avaliado ou avaliador"")), """"), ""&"", ""&amp;""), ""<"", ""&lt;""), "">"", ""&gt;"") & ""</div>"" & ""</div>"""
scrHistoricoAvaliacoes;lblEvTitHis;existente;Y;GEOMETRIA;12;14
scrHistoricoAvaliacoes;lblEvTitHis;existente;HtmlText;TEXTO/CONTEÚDO;"""<div style=""""position:relative;box-sizing:border-box;width:100%;height:"" & Text(Max(Self.Height - 2, 0), ""0"", ""en-US"") & ""px;display:flex;align-items:center;min-width:0;min-height:0;line-height:1.15;overflow:hidden;font-family:Segoe UI,Arial,sans-serif;font-size:15.0pt;color:rgba(14,42,74,1);font-weight:700;""""><span style=""""display:block;box-sizing:border-box;min-width:0;width:100%;text-align:left;white-space:normal;overflow:hidden;text-overflow:ellipsis;"""">"" & Substitute(Substitute(Substitute(Substitute(Coalesce(Text((LookUp(colAvaliacoes, Uid = locEvento)).ModuloNome & "" · "" & (LookUp(colAvaliacoes, Uid = locEvento)).Area), """"), ""&"", ""&amp;""), ""<"", ""&lt;""), "">"", ""&gt;""), Char(10), ""<br/>"") & ""</span></div>""";"""<div style=""""position:relative;box-sizing:border-box;width:100%;height:"" & Text(Max(Self.Height - 2, 0), ""0"", ""en-US"") & ""px;display:flex;align-items:center;min-width:0;min-height:0;line-height:1.15;overflow:hidden;font-family:Segoe UI,Arial,sans-serif;font-size:15.0pt;color:rgba(14,42,74,1);font-weight:700;""""><span style=""""display:block;box-sizing:border-box;min-width:0;width:100%;text-align:left;white-space:normal;overflow:hidden;text-overflow:ellipsis;"""">"" & Substitute(Substitute(Substitute(Substitute(Coalesce(Text(""Detalhes da avaliação""), """"), ""&"", ""&amp;""), ""<"", ""&lt;""), "">"", ""&gt;""), Char(10), ""<br/>"") & ""</span></div>"""
scrHistoricoAvaliacoes;lblEvSubHis;existente;Y;GEOMETRIA;38;46
scrHistoricoAvaliacoes;lblEvSubHis;existente;Height;GEOMETRIA;18;54
scrHistoricoAvaliacoes;lblEvSubHis;existente;Width;GEOMETRIA;Parent.Width - 140;Parent.Width - 40
scrHistoricoAvaliacoes;lblEvSubHis;existente;HtmlText;TEXTO/CONTEÚDO;"""<div style=""""position:relative;box-sizing:border-box;width:100%;height:"" & Text(Max(Self.Height - 2, 0), ""0"", ""en-US"") & ""px;display:flex;align-items:center;min-width:0;min-height:0;line-height:1.15;overflow:hidden;font-family:Segoe UI,Arial,sans-serif;font-size:10.0pt;color:rgba(98,112,131,1);font-weight:400;""""><span style=""""display:block;box-sizing:border-box;min-width:0;width:100%;text-align:left;white-space:nowrap;overflow:hidden;text-overflow:ellipsis;"""">"" & Substitute(Substitute(Substitute(Substitute(Coalesce(Text((LookUp(colAvaliacoes, Uid = locEvento)).Uid & "" · "" & (LookUp(colAvaliacoes, Uid = locEvento)).Ciclo & "" · tentativa "" & (LookUp(colAvaliacoes, Uid = locEvento)).Tentativa), """"), ""&"", ""&amp;""), ""<"", ""&lt;""), "">"", ""&gt;""), Char(10), ""<br/>"") & ""</span></div>""";"""<div style='box-sizing:border-box;width:100%;height:"" & Text(Max(Self.Height - 2, 0), ""0"", ""en-US"") & ""px;overflow:hidden;font-family:Segoe UI,Arial,sans-serif;display:flex;flex-direction:column;justify-content:center;'>"" & ""<div style='font-size:8.5pt;line-height:1.2;color:#627083;font-weight:700;letter-spacing:.02em;white-space:nowrap;overflow:hidden;text-overflow:ellipsis;'>"" & Substitute(Substitute(Substitute(Coalesce(Text(""PESSOA""), """"), ""&"", ""&amp;""), ""<"", ""&lt;""), "">"", ""&gt;"") & ""</div>"" & ""<div style='margin-top:2px;font-size:13pt;line-height:1.25;color:#0E2A4A;font-weight:700;white-space:nowrap;overflow:hidden;text-overflow:ellipsis;'>"" & Substitute(Substitute(Substitute(Coalesce(Text(With({_v: LookUp(colAvaliacoes, Uid = locEvento)}, Coalesce(_v.PessoaNomeSnap, LookUp(colPessoas, Codigo = _v.Pessoa).Nome))), """"), ""&"", ""&amp;""), ""<"", ""&lt;""), "">"", ""&gt;"") & ""</div>"" & ""<div style='font-size:9.5pt;line-height:1.25;color:#627083;white-space:nowrap;overflow:hidden;text-overflow:ellipsis;'>"" & Substitute(Substitute(Substitute(Coalesce(Text(With({_v: LookUp(colAvaliacoes, Uid = locEvento), _p: LookUp(colPessoas, Codigo = LookUp(colAvaliacoes, Uid = locEvento).Pessoa)}, With({_c: Trim(Coalesce(_v.CargoSnap, _p.Cargo)), _g: Trim(Coalesce(_v.GrupoSnap, _p.Grupo))}, _c & If(IsBlank(_g), """", If(IsBlank(_c), """", "" · "") & ""Grupo "" & _g)))), """"), ""&"", ""&amp;""), ""<"", ""&lt;""), "">"", ""&gt;"") & ""</div>"" & ""</div>"""
scrHistoricoAvaliacoes;lblEvR0His;existente;X;GEOMETRIA;20 + (Parent.Width - 40) / 4 * 0;20
scrHistoricoAvaliacoes;lblEvR0His;existente;Y;GEOMETRIA;96;104
scrHistoricoAvaliacoes;lblEvR0His;existente;Width;GEOMETRIA;(Parent.Width - 40) / 4 - 8;Parent.Width - 40
scrHistoricoAvaliacoes;lblEvR0His;existente;Height;GEOMETRIA;16;24
scrHistoricoAvaliacoes;lblEvR0His;existente;HtmlText;TEXTO/CONTEÚDO;"""<div style=""""position:relative;box-sizing:border-box;width:100%;height:"" & Text(Max(Self.Height - 2, 0), ""0"", ""en-US"") & ""px;display:flex;align-items:center;min-width:0;min-height:0;line-height:1.15;overflow:hidden;font-family:Segoe UI,Arial,sans-serif;font-size:9.0pt;color:rgba(98,112,131,1);font-weight:700;""""><span style=""""display:block;box-sizing:border-box;min-width:0;width:100%;text-align:left;white-space:nowrap;overflow:hidden;text-overflow:ellipsis;"""">"" & Substitute(Substitute(Substitute(Substitute(Coalesce(Text(""PESSOA (SNAPSHOT)""), """"), ""&"", ""&amp;""), ""<"", ""&lt;""), "">"", ""&gt;""), Char(10), ""<br/>"") & ""</span></div>""";"""<div style='box-sizing:border-box;width:100%;height:"" & Text(Max(Self.Height - 2, 0), ""0"", ""en-US"") & ""px;overflow:hidden;font-family:Segoe UI,Arial,sans-serif;display:flex;align-items:center;'>"" & ""<div style='font-size:12pt;line-height:1.25;color:#0E2A4A;font-weight:600;white-space:nowrap;overflow:hidden;text-overflow:ellipsis;'>"" & Substitute(Substitute(Substitute(Coalesce(Text(With({_v: LookUp(colAvaliacoes, Uid = locEvento)}, With({_m: Trim(Coalesce(_v.ModuloNome, """"))}, If(!IsBlank(_m) && _m = Upper(_m) && _m <> Lower(_m) && !IsMatch(_m, "".*\d.*"") && CountRows(Filter(Split(_m, "" ""), Len(Value) > 0 && Len(Value) <= 3 && !(Lower(Value) in [""e"", ""de"", ""da"", ""do"", ""das"", ""dos"", ""em"", ""a"", ""o"", ""com"", ""por"", ""na"", ""no"", ""para""]))) = 0, With({_r: Concat(Split(Lower(_m), "" "") As _w, If(_w.Value in [""e"", ""de"", ""da"", ""do"", ""das"", ""dos"", ""em"", ""a"", ""o"", ""com"", ""por"", ""na"", ""no"", ""para""], _w.Value, Proper(_w.Value)), "" "")}, Upper(Left(_r, 1)) & Mid(_r, 2)), _m)) & If(IsBlank(_v.Area), """", "" · "" & _v.Area))), """"), ""&"", ""&amp;""), ""<"", ""&lt;""), "">"", ""&gt;"") & ""</div>"" & ""</div>"""
scrHistoricoAvaliacoes;lblEvV0His;existente;X;GEOMETRIA;20 + (Parent.Width - 40) / 4 * 0;20
scrHistoricoAvaliacoes;lblEvV0His;existente;Y;GEOMETRIA;112;130
scrHistoricoAvaliacoes;lblEvV0His;existente;Width;GEOMETRIA;(Parent.Width - 40) / 4 - 8;Parent.Width - 40
scrHistoricoAvaliacoes;lblEvV0His;existente;Height;GEOMETRIA;34;26
scrHistoricoAvaliacoes;lblEvV0His;existente;HtmlText;TEXTO/CONTEÚDO;"""<div style=""""position:relative;box-sizing:border-box;width:100%;height:"" & Text(Max(Self.Height - 2, 0), ""0"", ""en-US"") & ""px;display:flex;align-items:center;min-width:0;min-height:0;line-height:1.15;overflow:hidden;font-family:Segoe UI,Arial,sans-serif;font-size:11.0pt;color:rgba(32,42,53,1);font-weight:600;""""><span style=""""display:block;box-sizing:border-box;min-width:0;width:100%;text-align:left;white-space:normal;overflow:hidden;text-overflow:ellipsis;"""">"" & Substitute(Substitute(Substitute(Substitute(Coalesce(Text(Coalesce((LookUp(colAvaliacoes, Uid = locEvento)).PessoaNomeSnap, LookUp(colPessoas, Codigo = (LookUp(colAvaliacoes, Uid = locEvento)).Pessoa).Nome)), """"), ""&"", ""&amp;""), ""<"", ""&lt;""), "">"", ""&gt;""), Char(10), ""<br/>"") & ""</span></div>""";"With({_v: LookUp(colAvaliacoes, Uid = locEvento)}, ""<div style='box-sizing:border-box;width:100%;height:"" & Text(Max(Self.Height - 2, 0), ""0"", ""en-US"") & ""px;overflow:hidden;font-family:Segoe UI,Arial,sans-serif;display:flex;align-items:center;'>"" & ""<span style='display:inline-block;margin-right:6px;padding:3px 10px;border-radius:5px;font-size:9pt;font-weight:600;background:#EEF2F6;color:#344054;'>"" & Substitute(Substitute(Substitute(Coalesce(Text(Switch(_v.Tipo, ""QUALIFICACAO"", ""Qualificação"", ""REQUALIFICACAO"", ""Requalificação"", ""EXTRAORDINARIA"", ""Extraordinária"", _v.Tipo)), """"), ""&"", ""&amp;""), ""<"", ""&lt;""), "">"", ""&gt;"") & ""</span><span style='display:inline-block;margin-right:6px;padding:3px 10px;border-radius:5px;font-size:9pt;font-weight:600;background:"" & Switch(_v.Estado, ""CONCLUIDA"", ""#E8F3EA;color:#2E7D32"", ""PREENCHIMENTO"", ""#E8F0F8;color:#1C5582"", ""#EEF2F6;color:#627083"") & "";'>"" & Substitute(Substitute(Substitute(Coalesce(Text(Switch(_v.Estado, ""PREENCHIMENTO"", ""Em preenchimento"", ""CONCLUIDA"", ""Concluída"", ""CANCELADA"", ""Cancelada"", _v.Estado)), """"), ""&"", ""&amp;""), ""<"", ""&lt;""), "">"", ""&gt;"") & ""</span>"" & ""</div>"")"
scrHistoricoAvaliacoes;lblEvBanHis;existente;Y;GEOMETRIA;62;162
scrHistoricoAvaliacoes;lblEvBanHis;existente;Height;GEOMETRIA;26;40
scrHistoricoAvaliacoes;lblEvBanHis;existente;Fill;VISUAL;RGBA(253, 244, 220, 1);"Switch(LookUp(colAvaliacoes, Uid = locEvento).Estado, ""PREENCHIMENTO"", RGBA(232, 240, 248, 1), ""CONCLUIDA"", RGBA(232, 243, 234, 1), RGBA(238, 242, 246, 1))"
scrHistoricoAvaliacoes;lblEvBanHis;existente;Color;VISUAL;RGBA(92, 67, 0, 1);"Switch(LookUp(colAvaliacoes, Uid = locEvento).Estado, ""PREENCHIMENTO"", RGBA(28, 85, 130, 1), ""CONCLUIDA"", RGBA(46, 125, 50, 1), RGBA(52, 64, 84, 1))"
scrHistoricoAvaliacoes;lblEvBanHis;existente;HtmlText;TEXTO/CONTEÚDO;"""<div style=""""position:relative;box-sizing:border-box;width:100%;height:"" & Text(Max(Self.Height - 2, 0), ""0"", ""en-US"") & ""px;display:flex;align-items:center;min-width:0;min-height:0;line-height:1.15;overflow:hidden;font-family:Segoe UI,Arial,sans-serif;font-size:10.0pt;color:rgba(92,67,0,1);font-weight:400;""""><span style=""""display:block;box-sizing:border-box;min-width:0;width:100%;text-align:left;white-space:normal;overflow:hidden;text-overflow:ellipsis;"""">"" & Substitute(Substitute(Substitute(Substitute(Coalesce(Text(If((LookUp(colAvaliacoes, Uid = locEvento)).Estado = ""PREENCHIMENTO"", ""Avaliação em preenchimento — conteúdo parcial."", ""Evento encerrado — somente leitura. Dados do snapshot gravado."")), """"), ""&"", ""&amp;""), ""<"", ""&lt;""), "">"", ""&gt;""), Char(10), ""<br/>"") & ""</span></div>""";"With({_v: LookUp(colAvaliacoes, Uid = locEvento)}, ""<div style='box-sizing:border-box;width:100%;height:"" & Text(Max(Self.Height - 2, 0), ""0"", ""en-US"") & ""px;overflow:hidden;font-family:Segoe UI,Arial,sans-serif;display:flex;align-items:center;'>"" & ""<div style='font-size:9.5pt;line-height:1.3;color:inherit;white-space:normal;overflow:hidden;'>"" & ""<b>"" & Switch(_v.Estado, ""PREENCHIMENTO"", ""Avaliação em andamento"", ""CONCLUIDA"", ""Avaliação concluída"", ""CANCELADA"", ""Avaliação cancelada"", ""Avaliação"") & ""</b> · "" & Switch(_v.Estado, ""PREENCHIMENTO"", ""As respostas exibidas são as salvas no rascunho."", ""Somente leitura. Informações registradas no momento da avaliação."") & If(IsBlank(_v.PessoaNomeSnap) || IsBlank(_v.CargoSnap) || IsBlank(_v.GrupoSnap), ""<br/>Algumas informações deste registro não estavam disponíveis no histórico original."", """") & ""</div>"" & ""</div>"")"
scrHistoricoAvaliacoes;lblEvR1His;existente;X;GEOMETRIA;20 + (Parent.Width - 40) / 4 * 1;20 + (Parent.Width - 40) * 0
scrHistoricoAvaliacoes;lblEvR1His;existente;Width;GEOMETRIA;(Parent.Width - 40) / 4 - 8;(Parent.Width - 40) * 0.30 - 10
scrHistoricoAvaliacoes;lblEvR1His;existente;Y;GEOMETRIA;96;212
scrHistoricoAvaliacoes;lblEvR1His;existente;HtmlText;TEXTO/CONTEÚDO;"""<div style=""""position:relative;box-sizing:border-box;width:100%;height:"" & Text(Max(Self.Height - 2, 0), ""0"", ""en-US"") & ""px;display:flex;align-items:center;min-width:0;min-height:0;line-height:1.15;overflow:hidden;font-family:Segoe UI,Arial,sans-serif;font-size:9.0pt;color:rgba(98,112,131,1);font-weight:700;""""><span style=""""display:block;box-sizing:border-box;min-width:0;width:100%;text-align:left;white-space:nowrap;overflow:hidden;text-overflow:ellipsis;"""">"" & Substitute(Substitute(Substitute(Substitute(Coalesce(Text(""CARGO / GRUPO""), """"), ""&"", ""&amp;""), ""<"", ""&lt;""), "">"", ""&gt;""), Char(10), ""<br/>"") & ""</span></div>""";"""<div style='box-sizing:border-box;width:100%;height:"" & Text(Max(Self.Height - 2, 0), ""0"", ""en-US"") & ""px;overflow:hidden;font-family:Segoe UI,Arial,sans-serif;display:flex;align-items:center;'>"" & ""<div style='font-size:8.5pt;line-height:1.2;color:#627083;font-weight:700;letter-spacing:.02em;white-space:nowrap;overflow:hidden;text-overflow:ellipsis;'>"" & Substitute(Substitute(Substitute(Coalesce(Text(""AVALIADOR""), """"), ""&"", ""&amp;""), ""<"", ""&lt;""), "">"", ""&gt;"") & ""</div>"" & ""</div>"""
scrHistoricoAvaliacoes;lblEvV1His;existente;X;GEOMETRIA;20 + (Parent.Width - 40) / 4 * 1;20 + (Parent.Width - 40) * 0
scrHistoricoAvaliacoes;lblEvV1His;existente;Width;GEOMETRIA;(Parent.Width - 40) / 4 - 8;(Parent.Width - 40) * 0.30 - 10
scrHistoricoAvaliacoes;lblEvV1His;existente;Y;GEOMETRIA;112;228
scrHistoricoAvaliacoes;lblEvV1His;existente;HtmlText;TEXTO/CONTEÚDO;"""<div style=""""position:relative;box-sizing:border-box;width:100%;height:"" & Text(Max(Self.Height - 2, 0), ""0"", ""en-US"") & ""px;display:flex;align-items:center;min-width:0;min-height:0;line-height:1.15;overflow:hidden;font-family:Segoe UI,Arial,sans-serif;font-size:11.0pt;color:rgba(32,42,53,1);font-weight:600;""""><span style=""""display:block;box-sizing:border-box;min-width:0;width:100%;text-align:left;white-space:normal;overflow:hidden;text-overflow:ellipsis;"""">"" & Substitute(Substitute(Substitute(Substitute(Coalesce(Text((LookUp(colAvaliacoes, Uid = locEvento)).CargoSnap & "" · "" & (LookUp(colAvaliacoes, Uid = locEvento)).GrupoSnap), """"), ""&"", ""&amp;""), ""<"", ""&lt;""), "">"", ""&gt;""), Char(10), ""<br/>"") & ""</span></div>""";"""<div style='box-sizing:border-box;width:100%;height:"" & Text(Max(Self.Height - 2, 0), ""0"", ""en-US"") & ""px;overflow:hidden;font-family:Segoe UI,Arial,sans-serif;display:flex;align-items:flex-start;'>"" & ""<div style='font-size:10.5pt;line-height:1.25;color:#1D2A3A;font-weight:600;white-space:normal;overflow:hidden;max-height:2.5em;'>"" & Substitute(Substitute(Substitute(Coalesce(Text(Coalesce(LookUp(colAvaliacoes, Uid = locEvento).AvaliadorNome, ""—"")), """"), ""&"", ""&amp;""), ""<"", ""&lt;""), "">"", ""&gt;"") & ""</div>"" & ""</div>"""
scrHistoricoAvaliacoes;lblEvR2His;existente;X;GEOMETRIA;20 + (Parent.Width - 40) / 4 * 2;20 + (Parent.Width - 40) * 0.30
scrHistoricoAvaliacoes;lblEvR2His;existente;Width;GEOMETRIA;(Parent.Width - 40) / 4 - 8;(Parent.Width - 40) * 0.15 - 10
scrHistoricoAvaliacoes;lblEvR2His;existente;Y;GEOMETRIA;96;212
scrHistoricoAvaliacoes;lblEvR2His;existente;HtmlText;TEXTO/CONTEÚDO;"""<div style=""""position:relative;box-sizing:border-box;width:100%;height:"" & Text(Max(Self.Height - 2, 0), ""0"", ""en-US"") & ""px;display:flex;align-items:center;min-width:0;min-height:0;line-height:1.15;overflow:hidden;font-family:Segoe UI,Arial,sans-serif;font-size:9.0pt;color:rgba(98,112,131,1);font-weight:700;""""><span style=""""display:block;box-sizing:border-box;min-width:0;width:100%;text-align:left;white-space:nowrap;overflow:hidden;text-overflow:ellipsis;"""">"" & Substitute(Substitute(Substitute(Substitute(Coalesce(Text(""TIPO""), """"), ""&"", ""&amp;""), ""<"", ""&lt;""), "">"", ""&gt;""), Char(10), ""<br/>"") & ""</span></div>""";"""<div style='box-sizing:border-box;width:100%;height:"" & Text(Max(Self.Height - 2, 0), ""0"", ""en-US"") & ""px;overflow:hidden;font-family:Segoe UI,Arial,sans-serif;display:flex;align-items:center;'>"" & ""<div style='font-size:8.5pt;line-height:1.2;color:#627083;font-weight:700;letter-spacing:.02em;white-space:nowrap;overflow:hidden;text-overflow:ellipsis;'>"" & Substitute(Substitute(Substitute(Coalesce(Text(""INÍCIO""), """"), ""&"", ""&amp;""), ""<"", ""&lt;""), "">"", ""&gt;"") & ""</div>"" & ""</div>"""
scrHistoricoAvaliacoes;lblEvV2His;existente;X;GEOMETRIA;20 + (Parent.Width - 40) / 4 * 2;20 + (Parent.Width - 40) * 0.30
scrHistoricoAvaliacoes;lblEvV2His;existente;Width;GEOMETRIA;(Parent.Width - 40) / 4 - 8;(Parent.Width - 40) * 0.15 - 10
scrHistoricoAvaliacoes;lblEvV2His;existente;Y;GEOMETRIA;112;228
scrHistoricoAvaliacoes;lblEvV2His;existente;HtmlText;TEXTO/CONTEÚDO;"""<div style=""""position:relative;box-sizing:border-box;width:100%;height:"" & Text(Max(Self.Height - 2, 0), ""0"", ""en-US"") & ""px;display:flex;align-items:center;min-width:0;min-height:0;line-height:1.15;overflow:hidden;font-family:Segoe UI,Arial,sans-serif;font-size:11.0pt;color:rgba(32,42,53,1);font-weight:600;""""><span style=""""display:block;box-sizing:border-box;min-width:0;width:100%;text-align:left;white-space:normal;overflow:hidden;text-overflow:ellipsis;"""">"" & Substitute(Substitute(Substitute(Substitute(Coalesce(Text(Switch((LookUp(colAvaliacoes, Uid = locEvento)).Tipo, ""QUALIFICACAO"", ""Qualificação"", ""REQUALIFICACAO"", ""Requalificação"", ""EXTRAORDINARIA"", ""Extraordinária"", (LookUp(colAvaliacoes, Uid = locEvento)).Tipo)), """"), ""&"", ""&amp;""), ""<"", ""&lt;""), "">"", ""&gt;""), Char(10), ""<br/>"") & ""</span></div>""";"""<div style='box-sizing:border-box;width:100%;height:"" & Text(Max(Self.Height - 2, 0), ""0"", ""en-US"") & ""px;overflow:hidden;font-family:Segoe UI,Arial,sans-serif;display:flex;align-items:flex-start;'>"" & ""<div style='font-size:10.5pt;line-height:1.25;color:#1D2A3A;font-weight:600;white-space:normal;overflow:hidden;max-height:2.5em;'>"" & Substitute(Substitute(Substitute(Coalesce(Text(If(IsBlank(LookUp(colAvaliacoes, Uid = locEvento).Inicio), ""—"", Text(LookUp(colAvaliacoes, Uid = locEvento).Inicio, ""dd/mm/yyyy""))), """"), ""&"", ""&amp;""), ""<"", ""&lt;""), "">"", ""&gt;"") & ""</div>"" & ""</div>"""
scrHistoricoAvaliacoes;lblEvR3His;existente;X;GEOMETRIA;20 + (Parent.Width - 40) / 4 * 3;20 + (Parent.Width - 40) * 0.45
scrHistoricoAvaliacoes;lblEvR3His;existente;Width;GEOMETRIA;(Parent.Width - 40) / 4 - 8;(Parent.Width - 40) * 0.19 - 10
scrHistoricoAvaliacoes;lblEvR3His;existente;Y;GEOMETRIA;96;212
scrHistoricoAvaliacoes;lblEvR3His;existente;HtmlText;TEXTO/CONTEÚDO;"""<div style=""""position:relative;box-sizing:border-box;width:100%;height:"" & Text(Max(Self.Height - 2, 0), ""0"", ""en-US"") & ""px;display:flex;align-items:center;min-width:0;min-height:0;line-height:1.15;overflow:hidden;font-family:Segoe UI,Arial,sans-serif;font-size:9.0pt;color:rgba(98,112,131,1);font-weight:700;""""><span style=""""display:block;box-sizing:border-box;min-width:0;width:100%;text-align:left;white-space:nowrap;overflow:hidden;text-overflow:ellipsis;"""">"" & Substitute(Substitute(Substitute(Substitute(Coalesce(Text(""AVALIADOR""), """"), ""&"", ""&amp;""), ""<"", ""&lt;""), "">"", ""&gt;""), Char(10), ""<br/>"") & ""</span></div>""";"""<div style='box-sizing:border-box;width:100%;height:"" & Text(Max(Self.Height - 2, 0), ""0"", ""en-US"") & ""px;overflow:hidden;font-family:Segoe UI,Arial,sans-serif;display:flex;align-items:center;'>"" & ""<div style='font-size:8.5pt;line-height:1.2;color:#627083;font-weight:700;letter-spacing:.02em;white-space:nowrap;overflow:hidden;text-overflow:ellipsis;'>"" & Substitute(Substitute(Substitute(Coalesce(Text(If(LookUp(colAvaliacoes, Uid = locEvento).Estado = ""CANCELADA"", ""CANCELAMENTO"", ""CONCLUSÃO"")), """"), ""&"", ""&amp;""), ""<"", ""&lt;""), "">"", ""&gt;"") & ""</div>"" & ""</div>"""
scrHistoricoAvaliacoes;lblEvV3His;existente;X;GEOMETRIA;20 + (Parent.Width - 40) / 4 * 3;20 + (Parent.Width - 40) * 0.45
scrHistoricoAvaliacoes;lblEvV3His;existente;Width;GEOMETRIA;(Parent.Width - 40) / 4 - 8;(Parent.Width - 40) * 0.19 - 10
scrHistoricoAvaliacoes;lblEvV3His;existente;Y;GEOMETRIA;112;228
scrHistoricoAvaliacoes;lblEvV3His;existente;HtmlText;TEXTO/CONTEÚDO;"""<div style=""""position:relative;box-sizing:border-box;width:100%;height:"" & Text(Max(Self.Height - 2, 0), ""0"", ""en-US"") & ""px;display:flex;align-items:center;min-width:0;min-height:0;line-height:1.15;overflow:hidden;font-family:Segoe UI,Arial,sans-serif;font-size:11.0pt;color:rgba(32,42,53,1);font-weight:600;""""><span style=""""display:block;box-sizing:border-box;min-width:0;width:100%;text-align:left;white-space:normal;overflow:hidden;text-overflow:ellipsis;"""">"" & Substitute(Substitute(Substitute(Substitute(Coalesce(Text((LookUp(colAvaliacoes, Uid = locEvento)).AvaliadorNome), """"), ""&"", ""&amp;""), ""<"", ""&lt;""), "">"", ""&gt;""), Char(10), ""<br/>"") & ""</span></div>""";"""<div style='box-sizing:border-box;width:100%;height:"" & Text(Max(Self.Height - 2, 0), ""0"", ""en-US"") & ""px;overflow:hidden;font-family:Segoe UI,Arial,sans-serif;display:flex;align-items:flex-start;'>"" & ""<div style='font-size:10.5pt;line-height:1.25;color:#1D2A3A;font-weight:600;white-space:normal;overflow:hidden;max-height:2.5em;'>"" & Substitute(Substitute(Substitute(Coalesce(Text(If(IsBlank(LookUp(colAvaliacoes, Uid = locEvento).Conclusao), If(LookUp(colAvaliacoes, Uid = locEvento).Estado = ""PREENCHIMENTO"", ""Em aberto"", ""—""), Text(LookUp(colAvaliacoes, Uid = locEvento).Conclusao, ""dd/mm/yyyy""))), """"), ""&"", ""&amp;""), ""<"", ""&lt;""), "">"", ""&gt;"") & ""</div>"" & ""</div>"""
scrHistoricoAvaliacoes;lblEvR4His;existente;X;GEOMETRIA;20 + (Parent.Width - 40) / 4 * 0;20 + (Parent.Width - 40) * 0.64
scrHistoricoAvaliacoes;lblEvR4His;existente;Width;GEOMETRIA;(Parent.Width - 40) / 4 - 8;(Parent.Width - 40) * 0.21 - 10
scrHistoricoAvaliacoes;lblEvR4His;existente;Y;GEOMETRIA;152;212
scrHistoricoAvaliacoes;lblEvR4His;existente;HtmlText;TEXTO/CONTEÚDO;"""<div style=""""position:relative;box-sizing:border-box;width:100%;height:"" & Text(Max(Self.Height - 2, 0), ""0"", ""en-US"") & ""px;display:flex;align-items:center;min-width:0;min-height:0;line-height:1.15;overflow:hidden;font-family:Segoe UI,Arial,sans-serif;font-size:9.0pt;color:rgba(98,112,131,1);font-weight:700;""""><span style=""""display:block;box-sizing:border-box;min-width:0;width:100%;text-align:left;white-space:nowrap;overflow:hidden;text-overflow:ellipsis;"""">"" & Substitute(Substitute(Substitute(Substitute(Coalesce(Text(""ESTADO""), """"), ""&"", ""&amp;""), ""<"", ""&lt;""), "">"", ""&gt;""), Char(10), ""<br/>"") & ""</span></div>""";"""<div style='box-sizing:border-box;width:100%;height:"" & Text(Max(Self.Height - 2, 0), ""0"", ""en-US"") & ""px;overflow:hidden;font-family:Segoe UI,Arial,sans-serif;display:flex;align-items:center;'>"" & ""<div style='font-size:8.5pt;line-height:1.2;color:#627083;font-weight:700;letter-spacing:.02em;white-space:nowrap;overflow:hidden;text-overflow:ellipsis;'>"" & Substitute(Substitute(Substitute(Coalesce(Text(""RESULTADO""), """"), ""&"", ""&amp;""), ""<"", ""&lt;""), "">"", ""&gt;"") & ""</div>"" & ""</div>"""
scrHistoricoAvaliacoes;lblEvV4His;existente;X;GEOMETRIA;20 + (Parent.Width - 40) / 4 * 0;20 + (Parent.Width - 40) * 0.64
scrHistoricoAvaliacoes;lblEvV4His;existente;Width;GEOMETRIA;(Parent.Width - 40) / 4 - 8;(Parent.Width - 40) * 0.21 - 10
scrHistoricoAvaliacoes;lblEvV4His;existente;Y;GEOMETRIA;168;228
scrHistoricoAvaliacoes;lblEvV4His;existente;HtmlText;TEXTO/CONTEÚDO;"""<div style=""""position:relative;box-sizing:border-box;width:100%;height:"" & Text(Max(Self.Height - 2, 0), ""0"", ""en-US"") & ""px;display:flex;align-items:center;min-width:0;min-height:0;line-height:1.15;overflow:hidden;font-family:Segoe UI,Arial,sans-serif;font-size:11.0pt;color:rgba(32,42,53,1);font-weight:600;""""><span style=""""display:block;box-sizing:border-box;min-width:0;width:100%;text-align:left;white-space:normal;overflow:hidden;text-overflow:ellipsis;"""">"" & Substitute(Substitute(Substitute(Substitute(Coalesce(Text(Switch((LookUp(colAvaliacoes, Uid = locEvento)).Estado, ""PREENCHIMENTO"", ""Em preenchimento"", ""CONCLUIDA"", ""Concluída"", ""CANCELADA"", ""Cancelada"", (LookUp(colAvaliacoes, Uid = locEvento)).Estado)), """"), ""&"", ""&amp;""), ""<"", ""&lt;""), "">"", ""&gt;""), Char(10), ""<br/>"") & ""</span></div>""";"""<div style='box-sizing:border-box;width:100%;height:"" & Text(Max(Self.Height - 2, 0), ""0"", ""en-US"") & ""px;overflow:hidden;font-family:Segoe UI,Arial,sans-serif;display:flex;align-items:flex-start;'>"" & ""<div style='font-size:10.5pt;line-height:1.25;font-weight:600;white-space:normal;overflow:hidden;max-height:2.5em;color:"" & With({_v: LookUp(colAvaliacoes, Uid = locEvento)}, If(_v.Estado = ""CANCELADA"", ""#627083"", _v.Resultado = ""ATENDEU"", ""#2E7D32"", _v.Resultado = ""NAO_ATENDEU"", ""#B91C1C"", ""#1C5582"")) & "";'>"" & Substitute(Substitute(Substitute(Coalesce(Text(With({_v: LookUp(colAvaliacoes, Uid = locEvento)}, If(_v.Estado = ""CANCELADA"", ""Cancelada"", _v.Resultado = ""ATENDEU"", ""Atendeu"", _v.Resultado = ""NAO_ATENDEU"", ""Não atendeu"", _v.Estado = ""PREENCHIMENTO"", ""Em andamento"", ""—""))), """"), ""&"", ""&amp;""), ""<"", ""&lt;""), "">"", ""&gt;"") & ""</div>"" & ""</div>"""
scrHistoricoAvaliacoes;lblEvR5His;existente;X;GEOMETRIA;20 + (Parent.Width - 40) / 4 * 1;20 + (Parent.Width - 40) * 0.85
scrHistoricoAvaliacoes;lblEvR5His;existente;Width;GEOMETRIA;(Parent.Width - 40) / 4 - 8;(Parent.Width - 40) * 0.15 - 10
scrHistoricoAvaliacoes;lblEvR5His;existente;Y;GEOMETRIA;152;212
scrHistoricoAvaliacoes;lblEvR5His;existente;HtmlText;TEXTO/CONTEÚDO;"""<div style=""""position:relative;box-sizing:border-box;width:100%;height:"" & Text(Max(Self.Height - 2, 0), ""0"", ""en-US"") & ""px;display:flex;align-items:center;min-width:0;min-height:0;line-height:1.15;overflow:hidden;font-family:Segoe UI,Arial,sans-serif;font-size:9.0pt;color:rgba(98,112,131,1);font-weight:700;""""><span style=""""display:block;box-sizing:border-box;min-width:0;width:100%;text-align:left;white-space:nowrap;overflow:hidden;text-overflow:ellipsis;"""">"" & Substitute(Substitute(Substitute(Substitute(Coalesce(Text(""RESULTADO""), """"), ""&"", ""&amp;""), ""<"", ""&lt;""), "">"", ""&gt;""), Char(10), ""<br/>"") & ""</span></div>""";"""<div style='box-sizing:border-box;width:100%;height:"" & Text(Max(Self.Height - 2, 0), ""0"", ""en-US"") & ""px;overflow:hidden;font-family:Segoe UI,Arial,sans-serif;display:flex;align-items:center;'>"" & ""<div style='font-size:8.5pt;line-height:1.2;color:#627083;font-weight:700;letter-spacing:.02em;white-space:nowrap;overflow:hidden;text-overflow:ellipsis;'>"" & Substitute(Substitute(Substitute(Coalesce(Text(""TENTATIVA""), """"), ""&"", ""&amp;""), ""<"", ""&lt;""), "">"", ""&gt;"") & ""</div>"" & ""</div>"""
scrHistoricoAvaliacoes;lblEvV5His;existente;X;GEOMETRIA;20 + (Parent.Width - 40) / 4 * 1;20 + (Parent.Width - 40) * 0.85
scrHistoricoAvaliacoes;lblEvV5His;existente;Width;GEOMETRIA;(Parent.Width - 40) / 4 - 8;(Parent.Width - 40) * 0.15 - 10
scrHistoricoAvaliacoes;lblEvV5His;existente;Y;GEOMETRIA;168;228
scrHistoricoAvaliacoes;lblEvV5His;existente;HtmlText;TEXTO/CONTEÚDO;"""<div style=""""position:relative;box-sizing:border-box;width:100%;height:"" & Text(Max(Self.Height - 2, 0), ""0"", ""en-US"") & ""px;display:flex;align-items:center;min-width:0;min-height:0;line-height:1.15;overflow:hidden;font-family:Segoe UI,Arial,sans-serif;font-size:11.0pt;color:rgba(32,42,53,1);font-weight:600;""""><span style=""""display:block;box-sizing:border-box;min-width:0;width:100%;text-align:left;white-space:normal;overflow:hidden;text-overflow:ellipsis;"""">"" & Substitute(Substitute(Substitute(Substitute(Coalesce(Text(If((LookUp(colAvaliacoes, Uid = locEvento)).Estado = ""CANCELADA"", ""Cancelada"", (LookUp(colAvaliacoes, Uid = locEvento)).Resultado = ""ATENDEU"", ""Atendeu"", (LookUp(colAvaliacoes, Uid = locEvento)).Resultado = ""NAO_ATENDEU"", ""Não atendeu"", ""—"")), """"), ""&"", ""&amp;""), ""<"", ""&lt;""), "">"", ""&gt;""), Char(10), ""<br/>"") & ""</span></div>""";"""<div style='box-sizing:border-box;width:100%;height:"" & Text(Max(Self.Height - 2, 0), ""0"", ""en-US"") & ""px;overflow:hidden;font-family:Segoe UI,Arial,sans-serif;display:flex;align-items:flex-start;'>"" & ""<div style='font-size:10.5pt;line-height:1.25;color:#1D2A3A;font-weight:600;white-space:normal;overflow:hidden;max-height:2.5em;'>"" & Substitute(Substitute(Substitute(Coalesce(Text(If(IsBlank(LookUp(colAvaliacoes, Uid = locEvento).Tentativa), ""—"", Text(LookUp(colAvaliacoes, Uid = locEvento).Tentativa))), """"), ""&"", ""&amp;""), ""<"", ""&lt;""), "">"", ""&gt;"") & ""</div>"" & ""</div>"""
scrHistoricoAvaliacoes;lblEvV1His;existente;Tooltip;TEXTO/CONTEÚDO;"""""";LookUp(colAvaliacoes, Uid = locEvento).AvaliadorNome
scrHistoricoAvaliacoes;lblEvR6His;existente;Visible;VISUAL;true;false
scrHistoricoAvaliacoes;lblEvV6His;existente;Visible;VISUAL;true;false
scrHistoricoAvaliacoes;lblEvR7His;existente;Visible;VISUAL;true;false
scrHistoricoAvaliacoes;lblEvDocHis;existente;Y;GEOMETRIA;206;276
scrHistoricoAvaliacoes;lblEvDocHis;existente;Height;GEOMETRIA;34;"28 + 48 * Min(Max(CountRows(IfError(Table(ParseJSON(LookUp(colAvaliacoes, Uid = locEvento).DocumentosJson).documentos), Table(ParseJSON(""[]"")))), 1), 3)"
scrHistoricoAvaliacoes;lblEvDocHis;existente;HtmlText;TEXTO/CONTEÚDO;"""<div style=""""position:relative;box-sizing:border-box;width:100%;height:"" & Text(Max(Self.Height - 2, 0), ""0"", ""en-US"") & ""px;display:flex;align-items:center;min-width:0;min-height:0;line-height:1.15;overflow:hidden;font-family:Segoe UI,Arial,sans-serif;font-size:10.0pt;color:rgba(32,42,53,1);font-weight:400;""""><span style=""""display:block;box-sizing:border-box;min-width:0;width:100%;text-align:left;white-space:normal;overflow:hidden;text-overflow:ellipsis;"""">"" & Substitute(Substitute(Substitute(Substitute(Coalesce(Text(""Documentos (snapshot): "" & Coalesce(Concat(IfError(Table(ParseJSON((LookUp(colAvaliacoes, Uid = locEvento)).DocumentosJson).documentos), Table(ParseJSON(""[]""))) As d, IfError(Text(d.Value.codigo), """") & If(IsBlank(IfError(Text(d.Value.versao), """")), """", "" v"" & Text(d.Value.versao)), "" · ""), ""—"")), """"), ""&"", ""&amp;""), ""<"", ""&lt;""), "">"", ""&gt;""), Char(10), ""<br/>"") & ""</span></div>""";"""<div style='box-sizing:border-box;width:100%;height:"" & Text(Max(Self.Height - 2, 0), ""0"", ""en-US"") & ""px;overflow:hidden;font-family:Segoe UI,Arial,sans-serif;overflow-y:auto;'>"" & ""<div style='font-size:11pt;line-height:1.25;color:#0E2A4A;font-weight:700;'>"" & Substitute(Substitute(Substitute(Coalesce(Text(""Documentos de referência""), """"), ""&"", ""&amp;""), ""<"", ""&lt;""), "">"", ""&gt;"") & ""</div>"" & If(CountRows(IfError(Table(ParseJSON(LookUp(colAvaliacoes, Uid = locEvento).DocumentosJson).documentos), Table(ParseJSON(""[]"")))) = 0, ""<div style='margin-top:6px;font-size:9.5pt;color:#627083;'>"" & Substitute(Substitute(Substitute(Coalesce(Text(""Nenhum documento de referência registrado nesta avaliação.""), """"), ""&"", ""&amp;""), ""<"", ""&lt;""), "">"", ""&gt;"") & ""</div>"", Concat(IfError(Table(ParseJSON(LookUp(colAvaliacoes, Uid = locEvento).DocumentosJson).documentos), Table(ParseJSON(""[]""))) As d, With({_c: Coalesce(IfError(Text(d.Value.codigo), """"), IfError(Text(d.Value.Codigo), """")), _t: Coalesce(IfError(Text(d.Value.titulo), """"), IfError(Text(d.Value.Titulo), """")), _ver: Trim(Coalesce(IfError(Text(d.Value.versao), """"), IfError(Text(d.Value.Versao), """"))), _e: Trim(Coalesce(IfError(Text(d.Value.expiracao), """"), IfError(Text(d.Value.Expiracao), """")))}, With({_d: If(IsMatch(_e, ""\d{4}-\d{2}-\d{2}.*""), Mid(_e, 9, 2) & ""/"" & Mid(_e, 6, 2) & ""/"" & Left(_e, 4), _e)}, ""<div style='margin-top:6px;padding:4px 10px;background:#F7F9FC;border:1px solid #E6ECF3;border-radius:6px;'>"" & ""<div style='font-size:9.5pt;line-height:1.3;color:#1D2A3A;white-space:nowrap;overflow:hidden;text-overflow:ellipsis;'><b>"" & Substitute(Substitute(Substitute(Coalesce(Text(Coalesce(_c, _t)), """"), ""&"", ""&amp;""), ""<"", ""&lt;""), "">"", ""&gt;"") & ""</b>"" & If(IsBlank(_t) || IsBlank(_c), """", "" — "" & Substitute(Substitute(Substitute(Coalesce(Text(_t), """"), ""&"", ""&amp;""), ""<"", ""&lt;""), "">"", ""&gt;"")) & ""</div>"" & ""<div style='font-size:8.5pt;line-height:1.3;color:#6B7A8D;white-space:nowrap;overflow:hidden;text-overflow:ellipsis;'>"" & Substitute(Substitute(Substitute(Coalesce(Text(If(!IsBlank(_ver) && !IsBlank(_e), ""Versão "" & _ver & "" · validade "" & _d, !IsBlank(_ver), ""Versão "" & _ver, !IsBlank(_e), ""Validade "" & _d, ""Versão não informada"")), """"), ""&"", ""&amp;""), ""<"", ""&lt;""), "">"", ""&gt;"") & ""</div></div>"")), """")) & ""</div>"""
scrHistoricoAvaliacoes;lblEvCritTitHis;existente;Y;GEOMETRIA;242;lblEvDocHis.Y + lblEvDocHis.Height + 10
scrHistoricoAvaliacoes;galEvCritHis;existente;Y;GEOMETRIA;266;lblEvCritTitHis.Y + 26
scrHistoricoAvaliacoes;galEvCritHis;existente;Height;GEOMETRIA;Parent.Height - 266 - 196;Max(Parent.Height - 214 - Self.Y, 60)
scrHistoricoAvaliacoes;galEvCritHis;existente;TemplateSize;GEOMETRIA;58;96
scrHistoricoAvaliacoes;galEvCritHis;existente;Items;FUNCIONAL (autorizada);"ForAll(IfError(Table(ParseJSON((LookUp(colAvaliacoes, Uid = locEvento)).CriteriosJson).criterios), Table(ParseJSON(""[]""))) As c, {Id: IfError(Text(c.Value.criterioId), """"), Descricao: IfError(Text(c.Value.descricao), """"), Resposta: Coalesce(IfError(Text(c.Value.resposta), """"), IfError(Text(c.Value.resultado), """")), Comentario: IfError(Text(c.Value.comentario), """")})";"ForAll(IfError(Table(ParseJSON((LookUp(colAvaliacoes, Uid = locEvento)).CriteriosJson).criterios), Table(ParseJSON(""[]""))) As c, {Id: IfError(Text(c.Value.criterioId), """"), Dimensao: IfError(Text(c.Value.dimensao), """"), Descricao: IfError(Text(c.Value.descricao), """"), Resposta: Coalesce(IfError(Text(c.Value.resposta), """"), IfError(Text(c.Value.resultado), """")), Comentario: IfError(Text(c.Value.comentario), """"), Fontes: Coalesce(IfError(Text(c.Value.fontes), """"), """")})"
scrHistoricoAvaliacoes;lblEvCIdHis;existente;Y;GEOMETRIA;2;6
scrHistoricoAvaliacoes;lblEvCIdHis;existente;Width;GEOMETRIA;50;Parent.TemplateWidth - 116
scrHistoricoAvaliacoes;lblEvCIdHis;existente;Tooltip;TEXTO/CONTEÚDO;"""""";"""Critério "" & ThisItem.Id"
scrHistoricoAvaliacoes;lblEvCIdHis;existente;HtmlText;TEXTO/CONTEÚDO;"""<div style=""""position:relative;box-sizing:border-box;width:100%;height:"" & Text(Max(Self.Height - 2, 0), ""0"", ""en-US"") & ""px;display:flex;align-items:center;min-width:0;min-height:0;line-height:1.15;overflow:hidden;font-family:Segoe UI,Arial,sans-serif;font-size:10.0pt;color:rgba(14,42,74,1);font-weight:700;""""><span style=""""display:block;box-sizing:border-box;min-width:0;width:100%;text-align:left;white-space:nowrap;overflow:hidden;text-overflow:ellipsis;"""">"" & Substitute(Substitute(Substitute(Substitute(Coalesce(Text(ThisItem.Id), """"), ""&"", ""&amp;""), ""<"", ""&lt;""), "">"", ""&gt;""), Char(10), ""<br/>"") & ""</span></div>""";"""<div style='box-sizing:border-box;width:100%;height:"" & Text(Max(Self.Height - 2, 0), ""0"", ""en-US"") & ""px;overflow:hidden;font-family:Segoe UI,Arial,sans-serif;display:flex;align-items:center;'>"" & ""<div style='font-size:10pt;line-height:1.25;color:#0E2A4A;font-weight:700;white-space:nowrap;overflow:hidden;text-overflow:ellipsis;'>"" & Substitute(Substitute(Substitute(Coalesce(Text(Switch(ThisItem.Dimensao, ""preparacao_execucao"", ""Preparação e execução"", ""equipamentos_materiais_controles"", ""Equipamentos, materiais e controles"", ""pontos_criticos_validade_anomalias"", ""Pontos críticos, validade e anomalias"", ""resultado_interpretacao"", ""Resultado e interpretação"", ""registros_rastreabilidade"", ""Registros e rastreabilidade"", ""seguranca"", ""Segurança na execução"", ""preparacao"", ""Preparação"", ""execucao"", ""Execução"", ""pontos_criticos_anomalias"", ""Pontos críticos e anomalias"", """", ""Critério"", Substitute(ThisItem.Dimensao, ""_"", "" ""))), """"), ""&"", ""&amp;""), ""<"", ""&lt;""), "">"", ""&gt;"") & ""</div>"" & ""</div>"""
scrHistoricoAvaliacoes;bdgEvCRespHis;existente;Y;GEOMETRIA;2;6
scrHistoricoAvaliacoes;bdgEvCRespHis;existente;X;GEOMETRIA;Parent.TemplateWidth - 96;Parent.TemplateWidth - 104
scrHistoricoAvaliacoes;bdgEvCRespHis;existente;Width;GEOMETRIA;96;104
scrHistoricoAvaliacoes;bdgEvCRespHis;existente;HtmlText;TEXTO/CONTEÚDO;"""<div style=""""position:relative;border-radius:5px;background:"" & (Switch(ThisItem.Resposta, ""Atendeu"", ""rgba(232,243,234,1)"", ""Não atendeu"", ""rgba(251,234,234,1)"", ""rgba(238,242,246,1)"")) & "";box-sizing:border-box;width:100%;height:"" & Text(Max(Self.Height - 2, 0), ""0"", ""en-US"") & ""px;display:flex;align-items:center;min-width:0;min-height:0;line-height:1.15;overflow:hidden;font-family:Segoe UI,Arial,sans-serif;font-size:10.0pt;color:inherit;font-weight:600;""""><span style=""""display:block;box-sizing:border-box;min-width:0;width:100%;text-align:center;white-space:nowrap;overflow:hidden;text-overflow:ellipsis;"""">"" & Substitute(Substitute(Substitute(Substitute(Coalesce(Text(Coalesce(ThisItem.Resposta, ""—"")), """"), ""&"", ""&amp;""), ""<"", ""&lt;""), "">"", ""&gt;""), Char(10), ""<br/>"") & ""</span></div>""";"""<div style=""""position:relative;border-radius:5px;background:"" & (Switch(ThisItem.Resposta, ""Atendeu"", ""rgba(232,243,234,1)"", ""Não atendeu"", ""rgba(251,234,234,1)"", ""rgba(238,242,246,1)"")) & "";box-sizing:border-box;width:100%;height:"" & Text(Max(Self.Height - 2, 0), ""0"", ""en-US"") & ""px;display:flex;align-items:center;min-width:0;min-height:0;line-height:1.15;overflow:hidden;font-family:Segoe UI,Arial,sans-serif;font-size:10.0pt;color:inherit;font-weight:600;""""><span style=""""display:block;box-sizing:border-box;min-width:0;width:100%;text-align:center;white-space:nowrap;overflow:hidden;text-overflow:ellipsis;"""">"" & Substitute(Substitute(Substitute(Substitute(Coalesce(Text(Coalesce(ThisItem.Resposta, ""Sem resposta"")), """"), ""&"", ""&amp;""), ""<"", ""&lt;""), "">"", ""&gt;""), Char(10), ""<br/>"") & ""</span></div>"""
scrHistoricoAvaliacoes;lblEvCDescHis;existente;X;GEOMETRIA;54;0
scrHistoricoAvaliacoes;lblEvCDescHis;existente;Y;GEOMETRIA;2;28
scrHistoricoAvaliacoes;lblEvCDescHis;existente;Width;GEOMETRIA;Parent.TemplateWidth - 160;Parent.TemplateWidth - 4
scrHistoricoAvaliacoes;lblEvCDescHis;existente;Height;GEOMETRIA;34;32
scrHistoricoAvaliacoes;lblEvCDescHis;existente;HtmlText;TEXTO/CONTEÚDO;"""<div style=""""position:relative;box-sizing:border-box;width:100%;height:"" & Text(Max(Self.Height - 2, 0), ""0"", ""en-US"") & ""px;display:flex;align-items:center;min-width:0;min-height:0;line-height:1.15;overflow:hidden;font-family:Segoe UI,Arial,sans-serif;font-size:10.0pt;color:rgba(32,42,53,1);font-weight:400;""""><span style=""""display:block;box-sizing:border-box;min-width:0;width:100%;text-align:left;white-space:normal;overflow:hidden;text-overflow:ellipsis;"""">"" & Substitute(Substitute(Substitute(Substitute(Coalesce(Text(ThisItem.Descricao), """"), ""&"", ""&amp;""), ""<"", ""&lt;""), "">"", ""&gt;""), Char(10), ""<br/>"") & ""</span></div>""";"""<div style='box-sizing:border-box;width:100%;height:"" & Text(Max(Self.Height - 2, 0), ""0"", ""en-US"") & ""px;overflow:hidden;font-family:Segoe UI,Arial,sans-serif;display:flex;align-items:flex-start;'>"" & ""<div style='font-size:9.5pt;line-height:1.3;color:#344054;white-space:normal;overflow:hidden;max-height:2.6em;display:-webkit-box;-webkit-line-clamp:2;-webkit-box-orient:vertical;'>"" & Substitute(Substitute(Substitute(Coalesce(Text(ThisItem.Descricao), """"), ""&"", ""&amp;""), ""<"", ""&lt;""), "">"", ""&gt;"") & ""</div>"" & ""</div>"""
scrHistoricoAvaliacoes;lblEvCDescHis;existente;Tooltip;TEXTO/CONTEÚDO;"""""";ThisItem.Descricao
scrHistoricoAvaliacoes;lblEvCComHis;existente;X;GEOMETRIA;54;0
scrHistoricoAvaliacoes;lblEvCComHis;existente;Y;GEOMETRIA;36;60
scrHistoricoAvaliacoes;lblEvCComHis;existente;Width;GEOMETRIA;Parent.TemplateWidth - 60;Parent.TemplateWidth - 4
scrHistoricoAvaliacoes;lblEvCComHis;existente;Height;GEOMETRIA;20;32
scrHistoricoAvaliacoes;lblEvCComHis;existente;Visible;VISUAL;!IsBlank(ThisItem.Comentario);true
scrHistoricoAvaliacoes;lblEvCComHis;existente;Tooltip;TEXTO/CONTEÚDO;"""""";ThisItem.Comentario
scrHistoricoAvaliacoes;lblEvCComHis;existente;HtmlText;TEXTO/CONTEÚDO;"""<div style=""""position:relative;box-sizing:border-box;width:100%;height:"" & Text(Max(Self.Height - 2, 0), ""0"", ""en-US"") & ""px;display:flex;align-items:center;min-width:0;min-height:0;line-height:1.15;overflow:hidden;font-family:Segoe UI,Arial,sans-serif;font-size:9.0pt;color:rgba(98,112,131,1);font-weight:400;""""><span style=""""display:block;box-sizing:border-box;min-width:0;width:100%;text-align:left;white-space:nowrap;overflow:hidden;text-overflow:ellipsis;"""">"" & Substitute(Substitute(Substitute(Substitute(Coalesce(Text(ThisItem.Comentario), """"), ""&"", ""&amp;""), ""<"", ""&lt;""), "">"", ""&gt;""), Char(10), ""<br/>"") & ""</span></div>""";"""<div style='box-sizing:border-box;width:100%;height:"" & Text(Max(Self.Height - 2, 0), ""0"", ""en-US"") & ""px;overflow:hidden;font-family:Segoe UI,Arial,sans-serif;display:flex;flex-direction:column;justify-content:flex-start;'>"" & ""<div style='font-size:9pt;line-height:1.3;color:#344054;white-space:nowrap;overflow:hidden;text-overflow:ellipsis;'>"" & If(IsBlank(Trim(ThisItem.Comentario)), ""<span style='color:#98A2B3;'>Sem comentário registrado.</span>"", ""<b>Comentário:</b> "" & Substitute(Substitute(Substitute(Coalesce(Text(ThisItem.Comentario), """"), ""&"", ""&amp;""), ""<"", ""&lt;""), "">"", ""&gt;"")) & ""</div>"" & If(IsBlank(ThisItem.Fontes), """", ""<div style='font-size:8.5pt;line-height:1.3;color:#6B7A8D;white-space:nowrap;overflow:hidden;text-overflow:ellipsis;'>"" & ""Referência técnica: "" & Substitute(Substitute(Substitute(Coalesce(Text(ThisItem.Fontes), """"), ""&"", ""&amp;""), ""<"", ""&lt;""), "">"", ""&gt;"") & ""</div>"") & ""</div>"""
scrHistoricoAvaliacoes;lblEvParRotHis;existente;Y;GEOMETRIA;Parent.Height - 190;Parent.Height - 206
scrHistoricoAvaliacoes;lblEvParHis;existente;Y;GEOMETRIA;Parent.Height - 172;Parent.Height - 188
scrHistoricoAvaliacoes;lblEvParHis;existente;HtmlText;TEXTO/CONTEÚDO;"""<div style=""""position:relative;box-sizing:border-box;width:100%;height:"" & Text(Max(Self.Height - 2, 0), ""0"", ""en-US"") & ""px;display:flex;align-items:center;min-width:0;min-height:0;line-height:1.15;overflow:hidden;font-family:Segoe UI,Arial,sans-serif;font-size:10.0pt;color:rgba(32,42,53,1);font-weight:400;""""><span style=""""display:block;box-sizing:border-box;min-width:0;width:100%;text-align:left;white-space:normal;overflow:hidden;text-overflow:ellipsis;"""">"" & Substitute(Substitute(Substitute(Substitute(Coalesce(Text(Coalesce((LookUp(colAvaliacoes, Uid = locEvento)).Parecer, ""—"")), """"), ""&"", ""&amp;""), ""<"", ""&lt;""), "">"", ""&gt;""), Char(10), ""<br/>"") & ""</span></div>""";"""<div style='box-sizing:border-box;width:100%;height:"" & Text(Max(Self.Height - 2, 0), ""0"", ""en-US"") & ""px;overflow:hidden;font-family:Segoe UI,Arial,sans-serif;overflow-y:auto;'>"" & ""<div style='font-size:10pt;line-height:1.35;color:#1D2A3A;white-space:normal;'>"" & If(IsBlank(Trim(LookUp(colAvaliacoes, Uid = locEvento).Parecer)), ""<span style='color:#98A2B3;'>Não informado.</span>"", Substitute(Substitute(Substitute(Substitute(Coalesce(Text(LookUp(colAvaliacoes, Uid = locEvento).Parecer), """"), ""&"", ""&amp;""), ""<"", ""&lt;""), "">"", ""&gt;""), Char(10), ""<br/>"")) & ""</div>"" & ""</div>"""
scrHistoricoAvaliacoes;lblEvObsRotHis;existente;Y;GEOMETRIA;Parent.Height - 120;Parent.Height - 132
scrHistoricoAvaliacoes;lblEvObsRotHis;existente;HtmlText;TEXTO/CONTEÚDO;"""<div style=""""position:relative;box-sizing:border-box;width:100%;height:"" & Text(Max(Self.Height - 2, 0), ""0"", ""en-US"") & ""px;display:flex;align-items:center;min-width:0;min-height:0;line-height:1.15;overflow:hidden;font-family:Segoe UI,Arial,sans-serif;font-size:10.0pt;color:rgba(98,112,131,1);font-weight:700;""""><span style=""""display:block;box-sizing:border-box;min-width:0;width:100%;text-align:left;white-space:nowrap;overflow:hidden;text-overflow:ellipsis;"""">"" & Substitute(Substitute(Substitute(Substitute(Coalesce(Text(""Observações""), """"), ""&"", ""&amp;""), ""<"", ""&lt;""), "">"", ""&gt;""), Char(10), ""<br/>"") & ""</span></div>""";"""<div style=""""position:relative;box-sizing:border-box;width:100%;height:"" & Text(Max(Self.Height - 2, 0), ""0"", ""en-US"") & ""px;display:flex;align-items:center;min-width:0;min-height:0;line-height:1.15;overflow:hidden;font-family:Segoe UI,Arial,sans-serif;font-size:10.0pt;color:rgba(98,112,131,1);font-weight:700;""""><span style=""""display:block;box-sizing:border-box;min-width:0;width:100%;text-align:left;white-space:nowrap;overflow:hidden;text-overflow:ellipsis;"""">"" & Substitute(Substitute(Substitute(Substitute(Coalesce(Text(If(LookUp(colAvaliacoes, Uid = locEvento).Estado = ""CANCELADA"", ""Justificativa do cancelamento"", ""Observações complementares"")), """"), ""&"", ""&amp;""), ""<"", ""&lt;""), "">"", ""&gt;""), Char(10), ""<br/>"") & ""</span></div>"""
scrHistoricoAvaliacoes;lblEvObsHis;existente;Y;GEOMETRIA;Parent.Height - 102;Parent.Height - 114
scrHistoricoAvaliacoes;lblEvObsHis;existente;Height;GEOMETRIA;44;52
scrHistoricoAvaliacoes;lblEvObsHis;existente;HtmlText;TEXTO/CONTEÚDO;"""<div style=""""position:relative;box-sizing:border-box;width:100%;height:"" & Text(Max(Self.Height - 2, 0), ""0"", ""en-US"") & ""px;display:flex;align-items:center;min-width:0;min-height:0;line-height:1.15;overflow:hidden;font-family:Segoe UI,Arial,sans-serif;font-size:10.0pt;color:rgba(32,42,53,1);font-weight:400;""""><span style=""""display:block;box-sizing:border-box;min-width:0;width:100%;text-align:left;white-space:normal;overflow:hidden;text-overflow:ellipsis;"""">"" & Substitute(Substitute(Substitute(Substitute(Coalesce(Text(Coalesce((LookUp(colAvaliacoes, Uid = locEvento)).Observacoes, ""—"")), """"), ""&"", ""&amp;""), ""<"", ""&lt;""), "">"", ""&gt;""), Char(10), ""<br/>"") & ""</span></div>""";"""<div style='box-sizing:border-box;width:100%;height:"" & Text(Max(Self.Height - 2, 0), ""0"", ""en-US"") & ""px;overflow:hidden;font-family:Segoe UI,Arial,sans-serif;overflow-y:auto;'>"" & ""<div style='font-size:10pt;line-height:1.35;color:#1D2A3A;white-space:normal;'>"" & If(IsBlank(Trim(LookUp(colAvaliacoes, Uid = locEvento).Observacoes)), ""<span style='color:#98A2B3;'>Não informado.</span>"", Substitute(Substitute(Substitute(Substitute(Coalesce(Text(LookUp(colAvaliacoes, Uid = locEvento).Observacoes), """"), ""&"", ""&amp;""), ""<"", ""&lt;""), "">"", ""&gt;""), Char(10), ""<br/>"")) & ""</div>"" & ""</div>"""
scrHistoricoAvaliacoes;lblEvV7His;existente;Visible;VISUAL;true;false
scrHistoricoAvaliacoes;btnEvTecHis;criado;Text;TEXTO/CONTEÚDO;"""Fechar""";"If(locEvTec, ""Ocultar informações técnicas"", ""Informações técnicas"")"
scrHistoricoAvaliacoes;btnEvTecHis;criado;OnSelect;FUNCIONAL (autorizada);"UpdateContext({locEvento: """"})";UpdateContext({locEvTec: !locEvTec})
scrHistoricoAvaliacoes;btnEvTecHis;criado;Tooltip;TEXTO/CONTEÚDO;"""""";"""Identificadores internos para auditoria"""
scrHistoricoAvaliacoes;btnEvTecHis;criado;X;GEOMETRIA;Parent.Width - 110;20
scrHistoricoAvaliacoes;btnEvTecHis;criado;Y;GEOMETRIA;14;Parent.Height - 50
scrHistoricoAvaliacoes;btnEvTecHis;criado;Width;GEOMETRIA;90;210
scrHistoricoAvaliacoes;btnEvTecHis;criado;Height;GEOMETRIA;30;34
scrHistoricoAvaliacoes;btnEvTecHis;criado;Size;VISUAL;12;10
scrHistoricoAvaliacoes;btnEvTecHis;criado;Color;VISUAL;RGBA(14, 42, 74, 1);RGBA(98, 112, 131, 1)
scrHistoricoAvaliacoes;btnEvTecHis;criado;BorderColor;VISUAL;RGBA(195, 208, 221, 1);RGBA(216, 225, 234, 1)
scrHistoricoAvaliacoes;lblEvTecHis;criado;X;GEOMETRIA;20 + (Parent.Width - 40) / 4 * 3;20
scrHistoricoAvaliacoes;lblEvTecHis;criado;Y;GEOMETRIA;168;Parent.Height - 146
scrHistoricoAvaliacoes;lblEvTecHis;criado;Width;GEOMETRIA;(Parent.Width - 40) / 4 - 8;Parent.Width - 40
scrHistoricoAvaliacoes;lblEvTecHis;criado;Height;GEOMETRIA;34;88
scrHistoricoAvaliacoes;lblEvTecHis;criado;Visible;VISUAL;false;locEvTec
scrHistoricoAvaliacoes;lblEvTecHis;criado;HtmlText;TEXTO/CONTEÚDO;"""<div style=""""position:relative;box-sizing:border-box;width:100%;height:"" & Text(Max(Self.Height - 2, 0), ""0"", ""en-US"") & ""px;display:flex;align-items:center;min-width:0;min-height:0;line-height:1.15;overflow:hidden;font-family:Segoe UI,Arial,sans-serif;font-size:11.0pt;color:rgba(32,42,53,1);font-weight:600;""""><span style=""""display:block;box-sizing:border-box;min-width:0;width:100%;text-align:left;white-space:normal;overflow:hidden;text-overflow:ellipsis;"""">"" & Substitute(Substitute(Substitute(Substitute(Coalesce(Text(Text((LookUp(colAvaliacoes, Uid = locEvento)).Inicio, ""dd/mm/yyyy"") & "" — "" & If(IsBlank((LookUp(colAvaliacoes, Uid = locEvento)).Conclusao), ""em aberto"", Text((LookUp(colAvaliacoes, Uid = locEvento)).Conclusao, ""dd/mm/yyyy""))), """"), ""&"", ""&amp;""), ""<"", ""&lt;""), "">"", ""&gt;""), Char(10), ""<br/>"") & ""</span></div>""";"With({_v: LookUp(colAvaliacoes, Uid = locEvento)}, ""<div style='box-sizing:border-box;width:100%;height:"" & Text(Max(Self.Height - 2, 0), ""0"", ""en-US"") & ""px;overflow:hidden;font-family:Segoe UI,Arial,sans-serif;'>"" & ""<div style='box-sizing:border-box;height:100%;padding:8px 12px;background:#FFFFFF;border:1px solid #D8E1EA;border-radius:8px;box-shadow:0 4px 14px rgba(14,42,74,.16);font-size:8.5pt;line-height:1.45;color:#627083;word-break:break-all;'>"" & ""<b>Avaliação:</b> "" & Substitute(Substitute(Substitute(Coalesce(Text(_v.Uid), """"), ""&"", ""&amp;""), ""<"", ""&lt;""), "">"", ""&gt;"") & ""<br/><b>Ciclo:</b> "" & Substitute(Substitute(Substitute(Coalesce(Text(_v.Ciclo), """"), ""&"", ""&amp;""), ""<"", ""&lt;""), "">"", ""&gt;"") & ""<br/><b>Tentativa:</b> "" & Substitute(Substitute(Substitute(Coalesce(Text(_v.Tentativa), """"), ""&"", ""&amp;""), ""<"", ""&lt;""), "">"", ""&gt;"") & ""<br/><b>Versão do catálogo:</b> "" & Substitute(Substitute(Substitute(Coalesce(Text(Coalesce(_v.VersaoSnap, ""não registrada"")), """"), ""&"", ""&amp;""), ""<"", ""&lt;""), "">"", ""&gt;"") & ""</div>"" & ""</div>"")"
